StartDate,EndDate,Status,Progress,Duration (in seconds),Finished,RecordedDate,ResponseId,RecipientLastName,RecipientFirstName,RecipientEmail,ExternalReference,DistributionChannel,UserLanguage,moral_concern_1_1,moral_concern_1_2,moral_concern_1_3,moral_concern_1_4,moral_concern_1_5,moral_concern_1_6,moral_concern_1_7,moral_concern_1_8,moral_concern_1_9,moral_concern_1_10,moral_concern_1_11,moral_concern_1_12,moral_concern_1_13,moral_concern_1_14,moral_concern_1_15,moral_concern_1_16,moral_concern_1_17,moral_concern_1_18,moral_concern_1_19,moral_concern_1_20,moral_concern_1_21,moral_concern_1_22,moral_concern_1_23,moral_concern_1_24,moral_concern_1_25,moral_concern_1_26,moral_concern_1_27,moral_concern_1_28,moral_concern_1_29,moral_concern_1_30,moral_concern_2_1,moral_concern_2_2,moral_concern_2_3,moral_concern_2_4,moral_concern_2_5,moral_concern_2_6,moral_concern_2_7,moral_concern_2_8,moral_concern_2_9,moral_concern_2_10,moral_concern_2_11,moral_concern_2_12,moral_concern_2_13,moral_concern_2_14,moral_concern_2_15,moral_concern_2_16,moral_concern_2_17,moral_concern_2_18,moral_concern_2_19,moral_concern_2_20,moral_concern_2_21,moral_concern_2_22,moral_concern_2_23,moral_concern_2_24,moral_concern_2_25,moral_concern_2_26,moral_concern_2_27,moral_concern_2_28,moral_concern_2_29,moral_concern_2_30,reduce_meat_1,reduce_meat_2,reduce_meat_3,reduce_meat_4,reduce_meat_5,reduce_meat_6,reduce_meat_7,reduce_meat_8,reduce_meat_9,reduce_meat_10,diet,diet_5_TEXT,breakfast_meat,lunch_meat,dinner_meat,age,gender,gender_9_TEXT,english,comment
08-03-21 17:03,08-03-21 17:04,0,100,68,1,08-03-21 17:04,R_yKreM0KF4rifxxD,NA,NA,NA,NA,anonymous,EN,1,1,1,1,1,1,1,1,1,1,1,1,1,1,1,1,1,1,1,1,1,1,1,1,1,1,1,1,1,1,1,1,1,1,1,1,1,1,1,1,1,1,1,1,1,1,1,1,1,1,1,1,1,1,1,1,1,1,1,1,1,1,1,1,1,1,1,1,1,1,1,,1,1,1,99,9,TEST,1,TEST
09-03-21 18:33,09-03-21 18:43,0,100,594,1,09-03-21 18:43,R_cTLTCBpZdvuVklj,NA,NA,NA,NA,anonymous,EN,5,5,3,5,4,6,3,4,3,2,3,1,1,1,1,3,3,2,3,3,6,6,4,3,2,1,2,7,6,6,5,5,3,5,3,5,3,3,3,2,2,1,1,1,1,3,3,1,2,2,7,6,2,2,2,1,2,6,6,6,2,2,2,2,2,2,2,2,2,2,1,,1,1,5,19,0,,2,
09-03-21 19:21,09-03-21 19:25,0,100,283,1,09-03-21 19:25,R_cH2GNjgoNmsZ48p,NA,NA,NA,NA,anonymous,EN,9,9,9,9,9,9,9,9,9,4,7,7,3,2,4,7,7,3,7,9,9,9,9,5,4,3,4,9,9,9,9,9,9,9,9,9,9,9,9,4,8,7,4,2,3,8,7,3,7,9,9,9,9,8,3,5,4,9,9,9,2,2,2,2,2,2,2,2,2,2,3,,1,1,1,19,0,,4,/
09-03-21 19:23,09-03-21 19:28,0,100,330,1,09-03-21 19:28,R_31N0Jaq4zqLW6UZ,NA,NA,NA,NA,anonymous,EN,9,9,9,9,9,9,9,9,9,6,6,6,6,6,6,6,6,6,9,9,9,6,9,6,9,6,9,9,9,9,9,9,9,9,9,9,9,9,9,6,6,6,6,6,6,6,6,6,9,9,9,6,9,6,9,6,9,9,9,9,2,2,2,1,1,1,1,1,1,1,1,,1,2,3,31,0,,4,
09-03-21 19:37,09-03-21 19:44,0,100,417,1,09-03-21 19:44,R_0AGDqlWt0YYUVPP,NA,NA,NA,NA,anonymous,EN,9,6,4,8,7,5,4,5,6,3,3,4,2,1,1,4,4,1,4,4,7,6,7,5,2,1,4,9,6,8,9,7,3,9,6,5,5,5,6,4,3,4,2,1,1,3,4,1,3,5,9,8,7,6,2,1,4,9,5,9,2,2,2,2,2,2,2,2,1,1,2,,1,3,6,20,0,,3,No!
09-03-21 20:04,09-03-21 20:13,0,100,539,1,09-03-21 20:13,R_23frs9pbcPH0EJe,NA,NA,NA,NA,anonymous,EN,8,9,8,8,8,8,7,7,7,3,5,6,2,4,2,3,4,3,3,6,7,5,7,5,5,4,5,6,8,8,8,9,8,8,7,8,7,6,7,3,4,6,2,4,3,4,4,3,3,6,6,6,6,4,5,4,5,7,8,7,2,2,2,2,2,2,2,2,2,2,2,,1,1,1,18,0,,2,
09-03-21 20:14,09-03-21 20:20,0,100,341,1,09-03-21 20:20,R_BLMkSxw1KZ9cfUl,NA,NA,NA,NA,anonymous,EN,9,8,5,9,5,7,7,4,8,1,4,8,1,1,1,2,4,1,9,4,1,4,8,3,9,1,8,5,8,4,9,8,6,9,5,7,6,7,7,1,2,8,1,1,1,2,4,1,7,5,1,3,8,4,9,1,8,5,7,5,1,1,1,1,1,1,1,1,1,1,1,,6,3,6,21,1,,4,
09-03-21 21:39,09-03-21 21:45,0,100,380,1,09-03-21 21:45,R_3Kqk3zVuFI7ifqb,NA,NA,NA,NA,anonymous,EN,9,9,3,7,3,4,6,4,5,1,2,6,3,2,1,2,5,1,4,5,4,5,5,2,2,2,2,6,4,9,9,9,4,7,4,4,3,3,5,1,2,6,1,1,1,2,4,2,3,6,3,5,6,4,3,2,3,6,4,9,2,2,2,2,2,2,2,2,2,2,3,,1,1,2,23,0,,3,
10-03-21 00:48,10-03-21 00:54,0,100,387,1,10-03-21 00:54,R_1LkiCxMUeuC0ro0,NA,NA,NA,NA,anonymous,EN,9,4,9,6,6,8,6,6,6,1,2,7,1,6,1,2,2,2,6,6,2,2,8,2,1,1,2,8,8,8,9,4,8,6,6,6,6,6,6,2,2,7,1,6,1,2,2,1,6,6,2,2,8,2,2,1,2,8,8,7,2,2,2,1,1,1,1,1,1,1,1,,1,5,8,21,0,,3,
10-03-21 00:57,10-03-21 01:00,0,100,213,1,10-03-21 01:00,R_wZvC4IrokCQdLUd,NA,NA,NA,NA,anonymous,EN,9,4,8,6,6,6,7,6,6,2,2,6,1,2,1,2,2,2,6,5,2,2,8,2,2,1,2,8,8,8,9,4,7,6,6,6,6,6,6,2,2,6,1,2,1,2,6,2,5,6,2,2,8,2,2,1,2,8,8,7,2,2,2,1,1,1,1,1,1,1,1,,1,5,8,21,0,,3,
10-03-21 01:18,10-03-21 01:22,0,100,233,1,10-03-21 01:22,R_23V5hWSEetxwWEm,NA,NA,NA,NA,anonymous,EN,9,3,7,6,6,6,6,6,6,2,2,2,1,2,1,2,2,1,6,6,2,2,9,2,2,1,2,8,8,7,9,3,6,6,6,6,5,6,6,2,2,2,1,2,1,2,2,1,6,6,2,2,9,2,2,1,2,6,8,8,2,2,2,1,1,1,1,1,1,1,1,,1,5,8,21,0,,3,
10-03-21 08:07,10-03-21 08:13,0,100,346,1,10-03-21 08:13,R_2zIMQ3nxnxrLBS1,NA,NA,NA,NA,anonymous,EN,6,6,6,4,6,8,8,3,4,6,8,2,2,2,1,6,3,1,6,5,7,6,6,7,1,1,1,7,4,8,6,7,6,4,7,6,7,4,6,6,5,2,2,3,2,6,4,3,4,5,8,6,6,7,1,1,2,7,5,8,2,2,2,2,2,NA,2,2,NA,2,2,,2,1,3,20,0,,3,
10-03-21 09:13,10-03-21 09:17,0,100,260,1,10-03-21 09:17,R_2v1H0QBfxaK13Gv,NA,NA,NA,NA,anonymous,EN,9,7,9,8,5,4,3,5,3,3,2,4,2,2,1,3,4,2,5,6,7,6,7,6,2,3,2,8,8,9,9,8,9,7,5,4,4,4,4,3,2,4,2,2,1,3,3,2,3,6,7,7,5,6,2,2,2,8,8,9,2,2,2,1,1,1,1,1,1,1,1,,1,1,7,18,0,,2,
10-03-21 09:19,10-03-21 09:21,0,100,138,1,10-03-21 09:21,R_2WwXS0JolD2nsxu,NA,NA,NA,NA,anonymous,EN,9,8,9,7,3,3,3,4,4,3,2,4,2,2,1,3,3,2,4,5,7,8,7,6,2,2,2,8,8,9,9,8,9,7,4,4,3,4,4,2,2,4,2,2,1,2,3,2,3,4,7,8,7,6,2,3,2,8,8,9,2,2,2,1,1,1,1,1,1,1,1,,1,1,7,18,0,,2,
10-03-21 09:22,10-03-21 09:30,0,100,461,1,10-03-21 09:30,R_2OW5VqSnL7Iv2E0,NA,NA,NA,NA,anonymous,EN,9,8,7,7,7,7,7,7,7,6,7,2,3,4,3,4,5,3,5,4,5,5,4,2,4,4,6,7,7,8,9,8,8,7,7,7,7,6,7,6,6,3,3,4,3,6,5,3,5,4,5,6,6,3,4,3,6,8,8,8,2,2,1,1,1,1,1,1,1,1,1,,6,6,7,20,0,,2,
10-03-21 09:43,10-03-21 09:48,0,100,282,1,10-03-21 09:48,R_1NEolrnGdQpGIcv,NA,NA,NA,NA,anonymous,EN,7,7,6,5,4,4,4,7,7,2,3,5,3,2,1,4,3,1,2,4,6,3,4,3,2,3,3,5,8,8,8,8,7,6,6,4,5,7,7,2,2,3,2,1,2,5,4,1,2,6,8,4,7,4,4,2,3,5,9,8,2,2,2,2,2,2,2,2,2,2,1,,1,1,3,19,1,,4,
10-03-21 10:15,10-03-21 10:19,0,100,229,1,10-03-21 10:19,R_3RrPtrkJHW4afHg,NA,NA,NA,NA,anonymous,EN,9,9,9,9,4,4,4,8,7,1,2,4,3,1,1,3,3,2,5,9,9,9,9,4,2,2,3,9,9,9,9,9,9,9,6,4,4,8,7,1,2,3,3,1,1,4,3,2,4,9,9,9,9,4,3,3,2,9,9,9,2,2,2,2,2,1,1,1,1,1,1,,2,5,6,19,0,,3,
10-03-21 10:56,10-03-21 10:56,1,100,31,1,10-03-21 10:56,R_1fdC4A4ad9ji1A1,NA,NA,NA,NA,preview,EN,NA,NA,NA,NA,NA,NA,NA,NA,NA,NA,NA,NA,NA,NA,NA,NA,NA,NA,NA,NA,NA,NA,NA,NA,NA,NA,NA,NA,NA,NA,NA,NA,NA,NA,NA,NA,NA,NA,NA,NA,NA,NA,NA,NA,NA,NA,NA,NA,NA,NA,NA,NA,NA,NA,NA,NA,NA,NA,NA,NA,NA,NA,NA,NA,NA,NA,NA,NA,NA,NA,NA,,NA,NA,NA,16,9,,1,
10-03-21 11:41,10-03-21 11:47,0,100,327,1,10-03-21 11:47,R_1r3r0sCqZWx0Qns,NA,NA,NA,NA,anonymous,EN,9,9,6,9,8,6,6,7,9,4,5,4,2,4,2,8,4,6,6,9,9,9,9,9,1,3,3,9,7,9,9,9,7,9,6,6,6,7,7,5,6,2,2,3,3,7,9,4,2,9,9,9,9,9,2,3,2,9,9,9,2,2,2,2,2,2,2,2,2,2,2,,1,2,2,19,1,,4,
10-03-21 12:04,10-03-21 12:10,0,100,329,1,10-03-21 12:10,R_2Yom57tpbLe78jL,NA,NA,NA,NA,anonymous,EN,8,8,7,8,7,8,7,8,8,6,7,9,5,2,2,6,6,2,5,5,8,8,4,5,6,3,6,8,8,8,8,8,7,8,8,7,8,8,8,4,7,9,5,2,2,6,6,2,7,5,8,8,7,6,7,2,8,7,8,8,2,2,2,2,2,2,2,2,2,2,1,,1,1,6,19,0,,3,
10-03-21 12:10,10-03-21 12:14,0,100,198,1,10-03-21 12:14,R_3ql1Pw08jJGLfOU,NA,NA,NA,NA,anonymous,EN,8,8,7,8,8,8,8,8,8,5,6,9,6,3,2,4,5,2,6,6,7,6,6,5,7,2,6,7,8,7,8,8,7,8,8,7,8,8,8,5,7,9,5,2,2,6,5,2,7,5,7,7,7,5,7,2,7,7,8,7,2,2,2,2,2,2,2,2,2,2,1,,1,1,6,19,0,,3,
10-03-21 15:05,10-03-21 15:11,0,100,381,1,10-03-21 15:11,R_1H0RsXZB61nNbno,NA,NA,NA,NA,anonymous,EN,9,9,9,6,8,7,7,5,3,1,3,1,1,1,1,2,2,2,5,7,6,2,9,1,1,1,2,7,7,8,9,9,8,6,6,6,7,4,5,1,3,1,1,1,1,2,2,1,3,7,6,4,8,1,1,1,1,7,7,7,2,2,2,1,1,1,1,1,1,1,1,,8,8,7,18,0,,3,
10-03-21 15:26,10-03-21 15:27,1,100,26,1,10-03-21 15:27,R_2rzLzp9lrH6oijf,NA,NA,NA,NA,preview,EN,NA,NA,NA,NA,NA,NA,NA,NA,NA,NA,NA,NA,NA,NA,NA,NA,NA,NA,NA,NA,NA,NA,NA,NA,NA,NA,NA,NA,NA,NA,NA,NA,NA,NA,NA,NA,NA,NA,NA,NA,NA,NA,NA,NA,NA,NA,NA,NA,NA,NA,NA,NA,NA,NA,NA,NA,NA,NA,NA,NA,NA,NA,NA,NA,NA,NA,NA,NA,NA,NA,NA,,NA,NA,NA,NA,NA,,NA,
10-03-21 15:27,10-03-21 15:33,0,100,309,1,10-03-21 15:33,R_12ElqJpgAasvRGL,NA,NA,NA,NA,anonymous,EN,9,8,9,6,7,8,7,6,7,1,7,7,7,4,1,6,8,2,6,8,9,9,9,7,2,3,2,9,9,9,9,8,9,6,8,7,8,8,8,2,7,7,7,3,1,6,8,2,6,7,9,9,9,7,3,4,2,9,9,9,2,2,2,2,2,2,2,2,1,1,1,,1,1,5,NA,0,,2,
10-03-21 16:11,10-03-21 16:15,0,100,240,1,10-03-21 16:15,R_2OVc8hI6KlAPxFw,NA,NA,NA,NA,anonymous,EN,9,9,9,8,7,6,4,6,6,3,3,8,1,1,1,2,6,1,5,7,7,7,7,2,3,2,5,8,8,9,9,9,9,8,7,7,5,6,7,3,3,8,1,1,1,2,5,1,6,7,8,7,7,2,3,2,6,8,8,9,2,2,2,2,2,2,2,2,2,2,1,,2,3,4,18,0,,4,
10-03-21 16:13,10-03-21 16:19,0,100,358,1,10-03-21 16:19,R_VISTqrTakTgQyyJ,NA,NA,NA,NA,anonymous,EN,4,1,2,3,4,5,8,3,5,3,7,3,2,3,3,6,4,3,3,4,8,7,6,4,3,3,4,6,9,8,4,4,3,3,4,5,8,4,4,2,6,3,3,3,4,6,3,2,4,4,7,7,6,5,2,2,4,6,9,8,2,2,2,2,1,1,1,1,1,1,1,,2,4,5,18,0,,3,
10-03-21 16:41,10-03-21 16:47,0,100,387,1,10-03-21 16:47,R_31jtYhB1VDiskcB,NA,NA,NA,NA,anonymous,EN,4,4,4,5,7,7,6,4,6,2,3,4,4,2,2,5,2,2,3,3,6,4,5,3,3,3,5,7,6,7,4,4,4,3,7,7,4,3,6,2,3,4,3,2,2,4,2,2,2,3,6,4,5,4,3,3,3,7,6,7,2,2,2,2,2,2,2,1,1,1,1,,6,6,7,18,0,,4,
10-03-21 17:30,10-03-21 17:36,0,100,355,1,10-03-21 17:36,R_8JlGyc0hY0wDl3r,NA,NA,NA,NA,anonymous,EN,9,9,9,9,9,9,9,9,9,4,6,9,1,6,4,9,7,7,9,9,9,9,9,8,9,1,9,9,9,9,9,9,9,9,9,9,9,9,9,5,7,9,1,7,5,9,8,7,9,9,9,9,9,8,8,1,9,9,9,9,2,2,2,2,2,2,2,2,2,2,3,,1,1,1,22,0,,4,Nice study! I am actually curious about the outcome...
10-03-21 17:51,10-03-21 17:54,0,100,178,1,10-03-21 17:54,R_doRHL1wxjgXtHQB,NA,NA,NA,NA,anonymous,EN,9,3,1,2,7,4,5,3,7,3,2,5,6,4,1,3,3,3,6,3,6,6,8,3,2,1,3,7,8,NA,9,3,3,5,7,3,2,3,3,2,4,4,3,3,1,2,3,3,3,7,4,4,8,3,3,4,5,3,8,6,2,2,2,1,1,1,1,1,1,1,1,,1,4,8,21,0,,3,
10-03-21 18:34,10-03-21 18:38,0,100,232,1,10-03-21 18:38,R_2rSpsFOPP02Puzm,NA,NA,NA,NA,anonymous,EN,8,8,8,6,7,7,7,7,7,6,7,5,5,1,1,7,4,2,3,8,8,8,7,8,5,1,4,7,8,8,8,8,8,6,7,7,7,7,7,6,7,5,5,1,1,7,3,2,3,8,8,8,7,7,6,1,3,8,8,8,2,2,2,2,2,2,2,1,1,1,1,,2,3,6,NA,9,Non-binairy,4,
10-03-21 22:45,10-03-21 22:49,0,100,253,1,10-03-21 22:49,R_wZe55R4LbfgORMJ,NA,NA,NA,NA,anonymous,EN,9,7,5,7,3,4,2,7,3,2,3,1,1,1,2,3,4,1,3,5,4,6,8,6,2,1,1,7,6,6,9,6,5,7,3,5,2,7,5,1,2,2,2,1,1,3,4,1,2,6,6,6,8,6,2,1,1,7,7,7,2,2,2,2,2,2,2,2,1,1,1,,1,3,7,20,0,,4,
11-03-21 10:22,11-03-21 10:26,0,100,237,1,11-03-21 10:26,R_1luI0Ee1eaDgSTn,NA,NA,NA,NA,anonymous,EN,9,8,7,6,7,7,5,7,7,3,5,5,2,1,1,4,2,1,6,6,8,7,7,2,2,1,2,9,9,9,9,7,6,7,7,7,5,7,7,3,5,4,2,1,1,3,2,1,4,8,8,8,8,2,2,1,2,9,8,9,2,2,2,2,2,2,2,1,1,1,1,,4,3,4,18,0,,3,
11-03-21 11:14,11-03-21 11:19,0,100,307,1,11-03-21 11:19,R_1hxUkcm4SWqz4WK,NA,NA,NA,NA,anonymous,EN,9,9,9,8,8,7,4,8,8,4,4,7,5,2,2,5,4,3,5,6,6,4,6,5,4,3,4,8,9,9,9,9,9,9,8,8,4,8,8,3,4,6,5,2,2,4,3,3,4,5,4,5,7,5,3,2,3,8,9,9,2,2,2,2,2,2,2,2,2,2,1,,1,3,4,21,0,,4,
11-03-21 11:33,11-03-21 11:39,0,100,389,1,11-03-21 11:39,R_3NvVC4sZFsgoK6Z,NA,NA,NA,NA,anonymous,EN,9,8,6,8,6,5,5,6,5,3,3,3,1,2,1,7,4,2,4,8,8,8,9,5,4,2,5,9,9,9,9,8,6,7,5,4,5,5,4,3,3,4,1,1,1,6,3,1,4,7,7,8,9,3,3,1,4,9,9,9,2,2,2,2,2,1,1,1,1,1,1,,4,6,7,19,0,,3,
11-03-21 11:38,11-03-21 11:42,0,100,243,1,11-03-21 11:42,R_3M9Zc43kMvPbQAm,NA,NA,NA,NA,anonymous,EN,9,8,8,8,8,8,7,8,8,7,7,5,1,1,3,6,6,1,9,8,9,8,8,6,4,1,7,9,8,9,9,8,8,8,8,8,7,8,8,6,6,1,1,1,1,6,6,1,8,8,9,8,8,6,4,1,6,9,8,9,2,1,1,1,1,1,1,1,1,1,1,,5,6,6,18,0,,2,
11-03-21 12:42,11-03-21 12:48,0,100,314,1,11-03-21 12:48,R_cNNpDvDRJkXNaEN,NA,NA,NA,NA,anonymous,EN,9,7,7,4,6,6,7,6,7,1,3,4,3,1,1,2,2,2,4,5,6,3,7,3,3,1,3,8,6,7,9,7,7,5,7,6,6,7,7,1,4,4,3,1,1,2,3,2,3,6,6,4,7,3,3,1,3,8,6,7,2,2,2,2,2,2,2,1,1,1,1,,2,3,5,18,0,,3,
11-03-21 13:17,11-03-21 13:21,0,100,254,1,11-03-21 13:21,R_3FJnbp7PG9U5Vi5,NA,NA,NA,NA,anonymous,EN,9,4,8,2,6,6,3,3,5,3,1,3,1,1,2,9,5,1,7,9,9,9,8,4,1,1,1,9,7,9,9,4,7,1,6,6,2,5,4,3,2,3,1,1,1,9,3,1,7,8,8,9,8,6,2,2,1,9,9,9,2,2,2,2,2,2,2,2,2,2,3,,8,7,8,18,0,,3,
11-03-21 15:55,11-03-21 16:00,0,100,265,1,11-03-21 16:00,R_12P6MoWJcv9KQCc,NA,NA,NA,NA,anonymous,EN,9,7,6,7,5,6,6,5,7,4,4,5,3,2,2,5,3,3,5,4,7,7,5,3,3,3,3,8,7,8,9,7,6,6,5,6,6,5,6,5,4,4,4,3,2,6,3,3,5,4,7,7,5,4,4,3,3,8,7,8,2,2,2,2,2,2,2,2,2,2,1,,1,8,7,NA,0,,4,
11-03-21 16:45,11-03-21 16:50,0,100,303,1,11-03-21 16:50,R_27m2ghMhyeOr2HE,NA,NA,NA,NA,anonymous,EN,9,9,9,9,9,9,9,9,9,9,9,9,7,9,9,9,9,7,9,9,9,9,9,9,9,8,9,9,9,9,9,9,9,9,9,9,9,9,9,9,9,9,8,9,9,9,9,8,9,9,9,9,9,9,9,9,9,9,9,9,2,2,2,2,2,2,2,2,2,2,3,,1,1,1,19,0,,3,
11-03-21 16:52,11-03-21 17:09,0,100,1049,1,11-03-21 17:10,R_1mIyoATF55GpOSc,NA,NA,NA,NA,anonymous,EN,8,9,8,6,5,5,5,4,5,2,2,3,3,3,2,3,3,2,4,5,7,4,7,4,4,4,3,6,4,7,8,9,8,7,6,6,4,6,6,2,2,3,3,2,2,3,4,2,5,5,6,5,6,5,2,3,3,6,6,8,2,2,2,2,2,2,2,2,1,1,1,,2,4,5,18,0,,3,no
11-03-21 18:13,11-03-21 18:47,0,100,2071,1,11-03-21 19:16,R_1ds1BLqjVDKx2yu,NA,NA,NA,NA,anonymous,EN,8,9,6,7,8,6,4,8,8,1,4,1,1,1,1,2,1,1,4,5,4,3,4,3,2,2,5,7,6,8,8,9,6,8,8,6,4,8,8,1,2,1,1,1,1,2,1,1,4,6,3,4,4,4,2,1,2,7,6,8,2,2,2,1,1,1,1,1,1,1,1,,2,2,8,18,0,,3,
11-03-21 18:01,11-03-21 18:05,0,100,256,1,11-03-21 19:24,R_2D1DJ3Kn4eQHegF,NA,NA,NA,NA,anonymous,EN,2,1,5,4,8,8,8,2,8,2,7,2,1,1,1,2,3,1,2,1,6,1,1,1,1,1,2,2,3,7,1,1,3,4,6,6,6,1,3,1,5,1,1,1,1,1,1,1,1,1,4,1,1,1,1,1,1,1,2,7,2,2,2,2,1,1,1,1,1,1,1,,2,4,8,17,0,,3,
11-03-21 20:34,11-03-21 20:39,0,100,296,1,11-03-21 20:39,R_2w6PKsnvPvqlNHg,NA,NA,NA,NA,anonymous,EN,9,9,8,8,6,6,4,5,6,1,4,3,1,4,1,2,3,1,5,6,6,2,7,2,5,1,7,7,7,8,9,9,9,8,6,6,5,6,6,2,3,2,1,1,1,2,3,1,5,6,6,2,8,1,6,1,7,8,7,8,2,2,2,2,2,2,2,1,1,1,2,,1,5,7,19,0,,4,
12-03-21 09:50,12-03-21 09:53,0,100,176,1,12-03-21 09:53,R_w1SBs3iTZOTzUbf,NA,NA,NA,NA,anonymous,EN,9,6,6,6,6,6,6,6,6,5,5,4,3,1,1,6,3,1,4,7,8,7,9,3,2,1,2,9,9,9,9,6,6,6,6,6,6,6,6,5,4,3,2,1,1,6,3,1,5,7,9,7,9,2,2,1,2,9,9,9,2,2,2,2,2,2,2,1,1,1,1,,4,3,4,18,0,,3,
12-03-21 11:55,12-03-21 12:02,0,100,409,1,12-03-21 12:02,R_UyUaQ2NvkKhPOil,NA,NA,NA,NA,anonymous,EN,8,8,8,6,5,5,5,5,5,3,2,6,2,2,2,2,4,3,3,4,6,2,5,4,2,2,3,8,8,8,7,8,8,6,5,6,5,5,5,3,2,6,2,2,2,3,4,3,3,3,6,3,4,3,2,2,2,7,8,8,2,2,2,2,2,2,2,2,2,2,1,,3,8,6,19,0,,4,
12-03-21 12:20,12-03-21 12:27,0,100,421,1,12-03-21 12:27,R_a4Cpf01PdUK57od,NA,NA,NA,NA,anonymous,EN,8,8,8,8,8,7,6,7,8,5,6,8,1,3,3,9,7,4,6,9,9,9,9,8,5,5,8,9,9,9,8,8,8,7,8,6,5,8,8,5,4,8,3,4,4,9,7,4,4,9,9,9,9,7,5,4,6,9,9,9,2,2,2,2,2,1,1,1,1,1,1,,1,4,6,19,0,,5,
12-03-21 12:29,12-03-21 12:34,0,100,294,1,12-03-21 12:34,R_db4hg1eAqlvXWY9,NA,NA,NA,NA,anonymous,EN,8,4,8,8,9,6,6,6,7,8,8,9,1,4,1,7,6,3,1,8,7,8,7,6,3,3,1,7,8,9,8,4,7,9,9,7,8,7,6,8,8,9,1,2,1,8,5,3,1,7,8,8,7,6,1,3,1,7,8,8,2,2,2,2,2,2,2,1,1,1,1,,1,4,1,20,0,,4,
12-03-21 17:35,12-03-21 17:43,0,100,474,1,12-03-21 17:43,R_29tcmPOYG3CEIN2,NA,NA,NA,NA,anonymous,EN,9,9,9,9,9,9,7,9,7,1,1,7,1,1,1,7,7,1,7,7,7,7,9,7,5,1,5,9,9,9,9,9,9,7,9,9,7,9,7,1,1,7,1,1,1,7,7,1,7,7,9,9,9,7,5,1,5,9,9,9,1,1,1,1,1,1,1,2,1,1,2,,1,1,3,21,0,,4,
12-03-21 18:49,12-03-21 18:56,0,100,385,1,12-03-21 18:56,R_3KTjvRizbU2nv7Y,NA,NA,NA,NA,anonymous,EN,9,9,7,7,7,6,7,6,7,4,4,3,1,1,1,2,3,1,2,5,4,5,6,1,2,1,1,6,7,8,9,9,7,8,6,7,7,6,6,4,4,3,1,1,1,4,5,1,4,6,2,6,5,1,2,1,2,6,8,8,2,2,2,2,2,2,2,2,2,2,1,,1,3,6,20,0,,3,
13-03-21 13:44,13-03-21 13:50,0,100,332,1,13-03-21 13:50,R_32WTOOTpnNU0kVy,NA,NA,NA,NA,anonymous,EN,9,8,8,8,8,8,6,8,9,4,6,5,4,2,2,6,4,2,8,7,8,5,9,5,3,3,6,7,8,3,8,9,8,8,8,9,6,8,9,5,4,5,2,2,2,7,4,2,6,7,8,6,8,5,4,2,4,8,8,9,2,2,2,2,2,2,2,2,2,2,3,,1,1,1,17,0,,4,
13-03-21 14:17,13-03-21 14:23,0,100,352,1,13-03-21 14:23,R_1Q4KfCFrnCRegUI,NA,NA,NA,NA,anonymous,EN,9,9,7,8,8,8,7,8,8,4,5,7,4,2,3,7,4,2,6,6,9,9,9,4,4,3,6,9,9,9,6,5,6,4,7,7,6,7,7,2,5,8,3,2,1,4,4,1,3,7,9,9,8,6,3,2,3,9,9,9,2,2,2,2,2,2,2,2,2,2,3,,1,1,2,19,0,,4,
13-03-21 15:09,13-03-21 15:16,0,100,420,1,13-03-21 15:16,R_3nCKObtHgs98XkU,NA,NA,NA,NA,anonymous,EN,9,8,4,6,6,6,4,4,7,4,4,3,1,3,3,4,1,3,4,4,3,4,6,3,4,1,4,6,8,6,9,6,4,6,6,5,4,4,6,2,3,2,2,2,2,5,1,2,2,4,2,3,6,3,2,1,4,6,6,6,2,2,2,2,2,2,2,1,1,1,1,,1,2,5,20,0,,4,no
13-03-21 15:37,13-03-21 15:51,0,100,831,1,13-03-21 15:51,R_2R3027nL96QnOyz,NA,NA,NA,NA,anonymous,EN,7,7,5,6,7,6,5,5,6,4,5,7,5,5,2,7,4,3,3,5,7,7,8,3,3,3,3,8,7,7,6,6,5,3,6,6,6,5,5,5,5,7,5,3,2,7,4,2,3,5,6,7,7,4,3,4,2,7,7,7,2,2,2,2,2,2,2,2,2,2,3,,1,1,1,18,0,,3,
13-03-21 18:01,13-03-21 18:06,0,100,342,1,13-03-21 18:06,R_1GvmRCOvEct0kDB,NA,NA,NA,NA,anonymous,EN,9,9,9,9,9,9,9,9,9,3,6,5,2,4,2,8,7,3,9,9,9,6,9,7,7,1,8,9,9,9,9,9,9,9,9,9,9,9,9,4,6,4,3,4,2,8,7,4,9,9,9,6,9,6,7,1,8,9,9,9,2,2,2,2,2,2,2,2,1,1,2,,1,1,5,20,0,,4,
13-03-21 18:02,13-03-21 18:07,0,100,303,1,13-03-21 18:07,R_2SHQ5PKjcnLxUBM,NA,NA,NA,NA,anonymous,EN,8,9,8,8,8,7,8,7,8,4,6,8,4,5,2,7,6,5,3,7,7,7,8,3,4,2,6,8,8,8,8,9,7,7,6,5,7,6,7,4,5,7,5,4,3,5,6,4,2,6,5,4,7,3,4,3,5,7,7,7,2,2,2,2,2,2,2,2,2,2,1,,1,3,1,19,0,,4,
13-03-21 18:15,13-03-21 18:23,0,100,442,1,13-03-21 18:23,R_3ReJIzZIwNCOy6A,NA,NA,NA,NA,anonymous,EN,9,8,7,5,5,6,5,5,5,3,3,5,4,2,3,5,3,2,4,6,6,4,6,4,3,3,3,7,8,8,9,8,7,5,5,6,3,4,5,3,3,6,4,2,2,6,3,2,3,5,7,4,7,4,3,3,3,6,8,8,2,2,2,2,1,1,1,1,1,1,1,,1,3,8,19,0,,3,
13-03-21 18:35,13-03-21 18:40,0,100,330,1,13-03-21 18:40,R_sMBYG7QE2Cv57Al,NA,NA,NA,NA,anonymous,EN,9,8,5,8,6,7,7,6,6,3,8,3,3,4,2,6,6,3,4,8,6,5,4,1,3,1,3,4,6,9,8,7,7,7,6,5,6,5,5,3,6,2,3,4,2,6,5,3,4,8,5,4,2,3,2,1,3,3,6,8,2,2,2,2,1,1,1,1,1,1,1,,3,4,7,20,0,,4,
13-03-21 19:04,13-03-21 19:20,0,100,980,1,13-03-21 19:20,R_QcsH64RUj7U8C77,NA,NA,NA,NA,anonymous,EN,9,9,9,9,9,9,9,9,9,9,9,9,9,9,9,9,9,9,9,9,9,9,9,6,9,9,9,9,9,9,9,9,9,9,9,9,9,9,9,9,9,9,9,9,9,9,9,9,9,9,9,9,9,6,9,9,9,9,9,9,2,2,2,2,2,1,1,1,1,1,2,,1,1,3,24,0,,3,
13-03-21 19:59,13-03-21 20:05,0,100,357,1,13-03-21 20:05,R_3jUsSZGWFvN2eu4,NA,NA,NA,NA,anonymous,EN,9,7,5,5,9,3,6,4,6,7,9,5,6,4,3,6,2,4,6,4,8,5,6,2,1,3,3,7,3,9,9,7,6,4,9,4,7,5,5,7,8,4,4,3,3,5,3,3,3,4,5,4,3,2,2,3,3,6,5,7,2,2,2,2,1,1,1,1,1,1,1,,1,8,5,19,0,,4,
14-03-21 09:37,14-03-21 09:43,0,100,377,1,14-03-21 09:43,R_3KZ0elOgZQT41zg,NA,NA,NA,NA,anonymous,EN,9,8,7,7,6,6,6,7,8,3,5,9,3,5,1,4,5,3,2,5,5,5,5,5,4,4,5,5,6,6,9,7,7,7,7,7,6,8,8,5,6,9,4,4,1,6,5,4,2,5,5,5,6,5,5,5,5,7,6,6,2,2,2,2,2,1,1,1,1,1,1,,1,3,6,20,0,,4,
14-03-21 10:14,14-03-21 10:22,0,100,480,1,14-03-21 10:22,R_1Q0fT5hFTzoCVtO,NA,NA,NA,NA,anonymous,EN,8,6,5,6,6,4,6,6,6,4,6,6,4,4,3,7,3,4,7,6,7,5,6,4,2,3,3,7,7,8,7,7,5,5,6,4,6,6,6,4,6,6,3,4,3,7,4,4,7,6,7,6,6,4,3,4,3,7,7,8,2,2,2,2,1,1,1,1,1,1,1,,2,6,6,19,0,,2,
14-03-21 11:41,14-03-21 11:46,0,100,299,1,14-03-21 11:46,R_2XcBdarIs3oG16c,NA,NA,NA,NA,anonymous,EN,9,9,9,9,9,7,9,9,9,5,8,6,4,5,5,7,5,5,7,9,9,7,9,6,6,5,7,9,9,9,9,9,9,9,9,9,9,9,9,6,9,6,5,5,5,6,6,5,7,9,9,7,9,6,6,5,7,9,9,9,2,2,2,2,2,2,2,2,2,2,3,,1,1,1,24,0,,3,
14-03-21 12:49,14-03-21 12:55,0,100,363,1,14-03-21 12:55,R_3e3QSrgPfpkC3nz,NA,NA,NA,NA,anonymous,EN,8,8,8,6,4,6,4,6,6,2,2,7,1,2,1,3,5,3,3,7,7,7,7,5,2,3,3,7,4,7,8,8,7,7,4,6,5,6,6,3,4,8,1,3,1,3,4,2,4,7,7,7,6,3,2,3,3,7,4,7,2,2,2,2,1,1,1,1,1,1,1,,1,5,6,18,1,,5,
14-03-21 12:58,14-03-21 13:10,0,100,747,1,14-03-21 13:10,R_2y7TIT1Iz6CkhgK,NA,NA,NA,NA,anonymous,EN,8,8,4,6,4,6,4,6,4,2,4,6,1,1,1,5,4,1,2,5,8,2,6,4,2,1,3,6,7,8,8,8,5,7,4,4,3,5,4,2,3,6,1,1,1,5,4,1,2,6,7,2,6,3,2,1,2,7,7,8,2,2,2,2,2,2,2,1,1,1,1,,1,4,5,21,0,,5,
14-03-21 13:18,14-03-21 13:23,0,100,287,1,14-03-21 13:23,R_3imTWoPHmaIBIgh,NA,NA,NA,NA,anonymous,EN,8,4,7,6,7,7,4,3,7,1,3,2,3,1,1,3,4,1,2,4,7,1,5,1,1,2,2,7,7,7,8,4,7,7,7,7,4,5,7,1,3,2,2,1,1,3,3,1,2,4,7,2,6,1,1,2,2,7,8,7,2,2,2,2,1,1,1,1,1,1,1,,1,8,6,18,0,,3,
14-03-21 13:18,14-03-21 13:24,0,100,345,1,14-03-21 13:24,R_2zqhDTEoqYO7Pp6,NA,NA,NA,NA,anonymous,EN,8,8,7,6,9,8,8,6,7,5,9,9,8,4,4,7,5,3,4,7,9,8,8,4,4,5,6,9,9,9,7,7,7,6,9,9,9,6,6,4,9,9,8,4,4,7,5,3,3,6,9,8,8,4,4,4,4,9,9,9,2,2,2,2,2,2,2,2,2,2,3,,1,1,1,21,0,,4,
14-03-21 13:56,14-03-21 14:02,0,100,371,1,14-03-21 14:02,R_3PyK7AomswjodvS,NA,NA,NA,NA,anonymous,EN,9,9,9,9,9,9,9,9,9,9,9,9,8,9,8,9,8,8,9,9,9,9,9,8,9,8,9,9,9,9,9,9,9,9,9,9,9,9,9,9,9,9,8,9,8,9,8,8,9,9,9,9,9,8,9,8,9,9,9,9,1,1,1,1,1,1,1,1,1,1,3,,1,1,1,18,0,,4,
14-03-21 15:33,14-03-21 15:40,0,100,410,1,14-03-21 15:40,R_2xPsbIvoCgGs3dj,NA,NA,NA,NA,anonymous,EN,8,8,8,7,8,8,8,8,8,5,6,6,4,1,2,8,7,1,6,7,8,8,8,6,6,3,6,8,7,8,8,8,8,7,8,8,8,8,8,6,6,3,2,1,1,8,6,1,6,7,8,8,8,6,6,2,6,8,7,8,2,2,2,2,2,2,2,2,2,2,1,,2,2,5,18,0,,3,/
14-03-21 15:15,14-03-21 15:46,0,100,1836,1,14-03-21 15:46,R_1M3Qq90zQEixVPH,NA,NA,NA,NA,anonymous,EN,9,5,6,8,9,9,9,8,9,5,5,7,5,5,5,8,5,5,5,7,9,8,8,7,5,5,5,8,8,9,9,7,8,7,9,9,9,8,9,4,9,8,5,4,4,6,5,5,5,7,9,7,8,7,5,5,5,8,7,9,2,2,2,2,2,2,2,2,2,2,5,Flexitarian,1,1,3,19,1,,4,
14-03-21 15:47,14-03-21 15:49,0,100,127,1,14-03-21 15:49,R_3jYxgMDuPVvRK7Y,NA,NA,NA,NA,anonymous,EN,NA,NA,NA,NA,NA,NA,NA,NA,NA,NA,NA,NA,NA,NA,NA,NA,NA,NA,NA,NA,NA,NA,NA,NA,NA,NA,NA,NA,NA,NA,NA,NA,NA,NA,NA,NA,NA,NA,NA,NA,NA,NA,NA,NA,NA,NA,NA,NA,NA,NA,NA,NA,NA,NA,NA,NA,NA,NA,NA,NA,NA,NA,NA,NA,NA,NA,NA,NA,NA,NA,NA,,NA,NA,NA,NA,NA,,NA,
14-03-21 15:51,14-03-21 15:57,0,100,388,1,14-03-21 15:57,R_2y6ZLKqyF4hIMn6,NA,NA,NA,NA,anonymous,EN,9,9,9,9,9,9,9,9,9,9,9,8,2,3,2,9,9,8,9,9,9,9,9,9,9,3,9,9,9,9,9,9,9,9,9,9,9,9,9,9,9,8,2,2,2,9,9,3,9,9,9,9,9,8,9,3,9,9,9,9,2,2,2,2,2,2,2,2,2,2,2,,4,7,8,20,0,,4,
14-03-21 15:52,14-03-21 16:03,0,100,662,1,14-03-21 16:03,R_3IQ2OKzMJRLmS3I,NA,NA,NA,NA,anonymous,EN,9,6,7,7,9,9,9,8,8,5,9,7,5,4,4,7,5,4,5,5,9,8,7,6,5,4,5,7,6,9,8,7,7,7,9,9,9,8,8,5,9,7,6,4,4,7,5,4,4,6,9,8,8,6,5,4,5,7,7,9,2,2,2,2,2,2,2,2,2,2,5,Flexitarian,1,1,3,19,1,,4,
14-03-21 16:32,14-03-21 16:44,0,100,757,1,14-03-21 16:44,R_80LKpQYCGfquUKt,NA,NA,NA,NA,anonymous,EN,8,8,6,6,6,6,6,6,6,3,3,5,2,2,2,6,4,2,4,6,8,5,5,3,3,2,5,7,8,8,8,8,7,6,7,6,7,6,6,3,3,4,2,2,2,6,3,2,5,6,8,6,6,3,3,2,3,8,8,8,2,2,2,2,2,2,2,2,1,1,1,,4,3,6,24,1,,4,
14-03-21 17:03,14-03-21 17:11,0,100,453,1,14-03-21 17:11,R_3NEgSYpPj7lSeRk,NA,NA,NA,NA,anonymous,EN,9,9,9,9,7,6,6,7,8,2,6,9,1,1,1,6,7,1,6,7,8,6,7,6,6,2,6,8,7,9,9,9,9,8,7,7,7,7,7,1,4,7,1,1,1,6,5,1,4,5,8,5,7,4,5,4,4,8,9,8,2,2,2,1,1,1,1,1,1,1,1,,5,7,6,19,0,,4,
14-03-21 19:02,14-03-21 19:06,0,100,240,1,14-03-21 19:06,R_1Hq7VKywLSrQPAr,NA,NA,NA,NA,anonymous,EN,9,9,9,7,9,6,4,8,9,4,9,9,4,9,7,9,7,6,6,9,9,8,9,5,8,4,7,9,9,9,9,9,9,7,9,7,6,9,9,6,8,9,5,6,6,9,7,5,7,9,9,9,9,6,7,5,7,9,9,9,2,2,2,2,2,2,2,2,2,2,2,,1,3,4,23,0,,4,
14-03-21 20:33,14-03-21 20:41,0,100,501,1,14-03-21 20:41,R_3eaGZwO7ufXLujb,NA,NA,NA,NA,anonymous,EN,8,6,8,7,8,7,6,6,6,3,6,8,2,4,2,3,4,3,3,7,8,6,7,6,4,5,4,7,7,8,8,6,7,7,8,6,5,6,6,2,5,8,2,4,2,4,4,4,4,6,7,6,7,4,3,3,3,7,8,7,2,2,2,2,2,2,2,2,2,2,3,,1,1,1,20,0,,3,
14-03-21 23:56,15-03-21 00:02,0,100,357,1,15-03-21 00:02,R_5bzWzwpsOfl9gqZ,NA,NA,NA,NA,anonymous,EN,7,7,6,7,6,4,6,6,6,4,1,5,5,2,2,5,4,2,6,6,9,3,6,5,4,3,4,8,8,9,7,7,7,7,8,5,8,6,6,4,1,6,8,2,2,7,3,2,5,6,9,4,6,5,3,3,4,8,8,9,2,2,2,2,2,1,1,1,1,1,5,Carnitarian,1,2,6,20,0,,4,no
15-03-21 11:32,15-03-21 11:42,0,100,584,1,15-03-21 11:42,R_2CEtmqCoHuNrA6o,NA,NA,NA,NA,anonymous,EN,7,8,5,2,6,6,5,6,6,1,7,6,1,2,1,2,2,1,6,1,2,2,1,2,1,1,3,2,7,6,8,8,5,2,5,6,5,6,6,1,5,7,1,1,1,2,2,1,2,2,3,2,2,2,1,1,2,3,7,6,2,2,2,2,2,2,1,1,1,1,1,,1,3,5,19,1,,3,
15-03-21 11:53,15-03-21 11:59,0,100,330,1,15-03-21 11:59,R_1f3HJQ1P4uJtq0i,NA,NA,NA,NA,anonymous,EN,9,9,9,9,9,9,9,9,9,7,9,9,8,8,7,9,9,8,9,9,9,9,9,9,9,7,9,9,9,9,9,9,9,9,9,9,9,9,9,7,8,9,8,8,7,9,9,7,9,9,9,9,9,9,9,7,9,9,9,9,2,2,2,2,2,2,2,2,2,2,1,,1,1,5,21,0,,2,
15-03-21 12:29,15-03-21 12:36,0,100,398,1,15-03-21 12:36,R_2twXzONOrBivQaP,NA,NA,NA,NA,anonymous,EN,9,8,8,8,6,7,8,6,8,3,4,2,2,1,2,2,2,1,2,5,6,4,5,3,3,1,4,9,8,9,9,8,8,7,7,8,8,7,8,3,5,2,2,1,2,3,3,1,3,4,7,4,5,2,2,1,3,8,7,9,2,2,2,2,2,2,2,2,1,1,5,I try to eat meat only once or twice a week,1,2,3,24,0,,4,
15-03-21 12:38,15-03-21 12:42,0,100,197,1,15-03-21 12:42,R_ysdvlNp42X7aXpT,NA,NA,NA,NA,anonymous,EN,9,9,9,9,9,9,9,9,9,9,9,8,7,7,7,9,9,7,9,9,9,9,9,9,9,6,9,9,9,9,9,9,9,9,9,9,9,9,9,9,8,7,7,7,6,9,9,8,9,9,9,9,9,9,9,6,9,9,9,9,2,2,2,2,2,2,2,2,2,2,3,,1,1,1,24,0,,5,
15-03-21 15:34,15-03-21 15:38,0,100,265,1,15-03-21 15:38,R_5pTarM3i2Adj7O1,NA,NA,NA,NA,anonymous,EN,8,8,7,3,7,8,5,4,6,3,4,2,3,1,1,5,2,1,2,3,4,6,5,2,2,2,4,7,4,6,7,8,7,4,6,8,6,5,5,5,2,2,2,1,1,5,3,1,2,3,5,6,6,2,2,2,2,7,5,6,2,2,2,2,2,2,2,2,2,2,2,,1,1,1,18,1,,5,
15-03-21 16:17,15-03-21 16:24,0,100,415,1,15-03-21 16:24,R_1et9KBeidisuU8f,NA,NA,NA,NA,anonymous,EN,9,9,7,5,6,4,3,3,4,1,1,6,1,1,1,1,1,1,2,3,3,1,6,1,1,1,1,2,3,4,9,9,4,5,5,2,3,2,4,1,1,5,1,1,1,1,1,1,1,4,2,1,2,1,1,1,1,2,2,2,2,2,2,2,2,2,2,2,2,1,1,,3,4,2,21,0,,5,no
15-03-21 17:06,15-03-21 17:11,0,100,305,1,15-03-21 17:11,R_UWxmGaFr8N8hSKt,NA,NA,NA,NA,anonymous,EN,7,5,3,3,2,2,2,3,2,4,2,2,2,2,1,5,2,1,2,5,6,2,6,2,1,2,1,6,5,7,7,5,5,5,2,2,2,2,2,3,1,2,2,1,1,5,2,1,2,2,6,4,6,2,1,2,2,6,5,7,2,1,1,1,1,1,1,1,1,1,1,,1,8,8,20,1,,4,No.
15-03-21 18:10,15-03-21 18:17,0,100,405,1,15-03-21 18:17,R_3PXJn1Fc1e3gJyY,NA,NA,NA,NA,anonymous,EN,9,9,9,8,8,8,7,7,7,1,3,5,1,1,1,2,4,2,7,6,6,6,6,5,4,5,5,8,8,8,9,9,9,8,8,8,6,7,7,1,3,3,2,1,1,2,4,1,6,6,7,7,6,5,3,3,4,8,8,8,2,2,2,2,2,2,2,2,2,2,3,,1,1,1,19,0,,2,
15-03-21 19:04,15-03-21 19:14,0,100,576,1,15-03-21 19:14,R_2rGzJYpNHp9Hdqp,NA,NA,NA,NA,anonymous,EN,9,9,9,8,8,6,8,8,7,1,6,8,1,7,1,6,6,1,6,5,9,7,7,3,4,1,6,8,9,9,9,9,9,7,9,7,8,7,8,1,6,8,1,7,2,7,4,1,4,6,8,7,7,1,3,1,5,7,9,9,2,2,2,2,2,1,1,1,1,1,1,,4,5,4,19,0,,4,
16-03-21 12:43,16-03-21 12:52,0,100,538,1,16-03-21 12:52,R_sFEp0fDkWb9vjqx,NA,NA,NA,NA,anonymous,EN,9,9,8,3,7,2,3,7,8,1,2,1,1,1,6,2,1,1,6,1,8,6,6,2,1,1,1,8,8,8,9,9,8,4,8,3,6,7,8,1,2,2,1,1,6,2,1,1,6,2,9,9,8,2,1,1,2,9,9,9,1,2,1,1,1,1,1,1,1,1,1,,1,2,2,25,0,,4,no.
16-03-21 14:28,16-03-21 14:33,0,100,308,1,16-03-21 14:33,R_3ptqd4UivrXxbbb,NA,NA,NA,NA,anonymous,EN,9,9,8,8,8,9,8,9,8,4,4,3,3,4,2,6,7,4,4,9,6,7,6,6,4,2,4,8,8,9,9,9,8,9,7,9,8,8,7,3,3,3,2,2,2,6,5,2,6,8,4,5,6,6,3,3,3,8,7,8,2,2,2,2,2,2,2,2,2,2,1,,6,8,7,20,0,,4,
16-03-21 16:51,16-03-21 16:55,0,100,266,1,16-03-21 16:55,R_3IW5D35RuxwEpUY,NA,NA,NA,NA,anonymous,EN,9,9,9,9,9,9,9,9,9,6,8,8,4,7,2,4,9,8,9,9,9,6,9,6,9,4,9,9,9,9,9,9,9,9,9,9,9,9,9,7,7,7,6,7,3,6,9,8,9,9,9,6,9,7,9,6,9,9,9,9,2,2,2,2,2,2,2,2,2,2,1,,1,1,4,19,0,,2,
17-03-21 00:15,17-03-21 00:19,0,100,260,1,17-03-21 00:19,R_2En2N8rdQakXdXK,NA,NA,NA,NA,anonymous,EN,9,9,9,9,9,9,9,9,9,9,9,9,8,7,7,9,9,7,9,9,9,9,9,9,9,7,9,9,9,9,9,9,9,9,9,9,9,9,9,9,9,9,8,7,7,9,9,7,9,9,9,9,9,9,9,9,9,9,9,9,2,2,2,2,2,2,2,2,2,2,1,,1,5,5,19,0,,4,No
17-03-21 15:19,17-03-21 15:25,0,100,364,1,17-03-21 15:25,R_23V5b2dCMx2sx5n,NA,NA,NA,NA,anonymous,EN,8,8,7,6,4,4,4,4,5,3,3,4,1,1,1,3,3,1,7,7,7,4,6,6,3,2,3,7,7,7,8,8,7,7,4,4,4,4,5,3,3,4,1,1,1,4,3,1,7,7,7,6,6,6,2,3,3,7,7,7,1,1,1,1,1,1,1,1,1,1,1,,4,4,7,18,0,,4,
11-03-21 12:48,11-03-21 12:48,0,7,19,0,18-03-21 12:48,R_VL6LJJmXvHPc6rv,NA,NA,NA,NA,anonymous,EN,NA,NA,NA,NA,NA,NA,NA,NA,NA,NA,NA,NA,NA,NA,NA,NA,NA,NA,NA,NA,NA,NA,NA,NA,NA,NA,NA,NA,NA,NA,NA,NA,NA,NA,NA,NA,NA,NA,NA,NA,NA,NA,NA,NA,NA,NA,NA,NA,NA,NA,NA,NA,NA,NA,NA,NA,NA,NA,NA,NA,NA,NA,NA,NA,NA,NA,NA,NA,NA,NA,NA,,NA,NA,NA,NA,NA,,NA,
18-03-21 20:39,18-03-21 20:44,0,100,305,1,18-03-21 20:44,R_3R7SYXFcBDYLihc,NA,NA,NA,NA,anonymous,EN,9,8,7,9,7,7,6,7,8,3,5,6,2,3,2,7,7,2,4,8,9,7,7,4,5,1,6,9,8,9,9,8,7,9,7,7,6,7,7,3,5,5,2,2,2,7,5,2,4,8,9,7,7,4,4,1,5,9,9,9,2,2,2,2,2,2,2,2,2,2,1,,1,3,6,18,0,,3,
18-03-21 20:46,18-03-21 20:51,0,100,358,1,18-03-21 20:51,R_5BdEMk3cs7XGHdv,NA,NA,NA,NA,anonymous,EN,9,7,6,7,6,6,5,6,6,4,5,4,3,2,2,3,3,2,4,3,5,3,3,2,2,1,2,6,6,7,9,7,7,5,7,7,7,7,6,4,5,3,3,2,3,2,4,2,5,5,5,3,4,2,1,2,2,6,6,7,2,2,2,2,2,1,1,1,1,1,1,,5,5,7,20,0,,1,
19-03-21 11:32,19-03-21 11:38,0,100,325,1,19-03-21 11:38,R_3Q0mf6czFBW3tF8,NA,NA,NA,NA,anonymous,EN,8,6,7,5,6,5,5,6,5,2,6,5,3,2,2,4,3,1,5,3,6,7,4,3,5,2,4,7,5,6,7,6,7,5,6,6,5,4,5,2,4,3,3,1,1,3,2,1,5,4,6,6,6,3,3,3,5,7,5,6,2,2,2,2,2,2,2,2,2,2,1,,1,2,4,19,0,,3,
19-03-21 12:28,19-03-21 12:34,0,100,417,1,19-03-21 12:34,R_25SpnxVV9wrMCb1,NA,NA,NA,NA,anonymous,EN,8,8,8,7,3,2,2,3,3,1,2,8,1,1,1,6,5,1,5,7,8,5,8,7,2,2,4,5,9,8,8,8,7,6,3,2,2,3,3,1,2,8,1,1,1,6,6,1,3,7,8,5,8,6,2,2,4,6,9,8,2,2,2,2,2,2,1,1,1,1,1,,1,5,6,21,0,,4,
19-03-21 17:37,19-03-21 17:39,0,100,143,1,19-03-21 17:39,R_1FkScjy5yajRj1U,NA,NA,NA,NA,anonymous,EN,9,9,9,9,9,9,9,9,9,9,9,9,9,9,9,9,9,9,9,9,9,9,9,9,9,9,9,9,9,9,9,9,9,9,9,9,9,9,9,9,9,9,9,9,9,9,9,9,9,9,9,9,9,9,9,9,9,9,9,9,2,2,2,2,2,2,2,2,2,2,3,,1,1,1,18,0,,3,no
19-03-21 18:54,19-03-21 18:59,0,100,290,1,19-03-21 18:59,R_1Y59kDH4WAEMqgF,NA,NA,NA,NA,anonymous,EN,9,9,9,9,9,9,9,9,9,9,9,9,9,9,9,9,9,9,9,9,9,9,9,9,9,9,9,9,9,9,9,9,9,9,9,9,9,9,9,9,9,9,9,9,9,9,9,9,9,9,9,9,9,9,9,9,9,9,9,9,2,2,2,2,2,2,2,2,2,2,4,,1,1,1,19,0,,4,
20-03-21 05:19,20-03-21 05:24,0,100,317,1,20-03-21 05:24,R_24PnYZB7XcyoSFj,NA,NA,NA,NA,anonymous,EN,7,7,9,9,9,9,9,7,9,9,9,9,7,7,7,9,7,7,7,7,7,9,7,7,9,7,7,7,7,9,7,7,9,9,9,9,9,9,9,9,9,9,7,7,7,7,7,7,7,7,7,9,7,7,7,7,7,7,7,7,2,2,2,2,2,2,2,2,2,2,3,,1,1,1,18,0,,4,
20-03-21 13:19,20-03-21 13:24,0,100,265,1,20-03-21 13:24,R_3hlpVYJcgezXmtI,NA,NA,NA,NA,anonymous,EN,8,8,8,8,8,8,8,8,8,5,8,9,5,8,3,7,8,4,5,8,8,7,8,8,4,7,5,7,8,8,8,8,8,8,8,8,8,8,8,5,8,9,5,8,3,8,8,5,5,8,8,8,8,8,5,8,5,8,8,8,2,2,2,2,2,2,2,2,2,2,1,,7,6,4,23,1,,4,
20-03-21 16:19,20-03-21 16:23,0,100,280,1,20-03-21 16:23,R_3exkP7jazUydF7i,NA,NA,NA,NA,anonymous,EN,9,8,8,7,6,7,7,4,6,4,5,8,2,4,3,5,5,3,3,4,7,6,5,5,3,4,3,8,9,7,9,8,8,6,7,7,8,5,6,4,4,8,4,3,3,5,4,3,3,5,7,5,5,4,3,3,3,8,9,8,2,2,2,1,1,1,1,1,1,1,2,,1,5,6,18,0,,3,
20-03-21 16:27,20-03-21 16:32,0,100,342,1,20-03-21 16:32,R_3iPV7TuQdE3MWSd,NA,NA,NA,NA,anonymous,EN,9,9,8,8,6,6,6,7,6,4,3,3,1,4,1,4,7,1,6,5,8,5,6,3,2,1,4,8,9,9,9,9,8,6,6,6,6,6,6,4,4,3,2,4,1,4,6,2,6,7,8,5,6,2,2,1,2,7,9,9,2,2,2,2,1,1,1,1,1,1,1,,1,7,6,19,0,,3,
20-03-21 17:51,20-03-21 17:58,0,100,426,1,20-03-21 17:58,R_W87fTiau5fIOvCN,NA,NA,NA,NA,anonymous,EN,9,8,8,8,7,7,5,7,7,2,3,2,1,1,1,2,3,1,4,6,6,4,6,3,1,2,3,8,9,7,9,9,8,8,7,7,6,7,6,2,4,3,1,1,1,2,3,1,4,6,7,7,6,3,1,1,2,7,9,9,2,2,2,2,2,2,2,2,2,2,1,,2,2,7,20,0,,3,
20-03-21 17:53,20-03-21 17:58,0,100,293,1,20-03-21 17:58,R_265844MaAZbnjDJ,NA,NA,NA,NA,anonymous,EN,8,7,6,4,5,4,4,4,4,2,3,4,3,3,2,8,5,1,3,7,8,8,7,3,2,2,3,8,6,8,8,6,5,3,6,4,6,4,4,2,3,3,3,3,2,7,5,1,3,6,8,8,8,3,2,2,3,8,7,7,2,2,2,2,2,2,2,2,1,1,1,,1,3,2,20,0,,4,
20-03-21 17:58,20-03-21 18:02,0,100,240,1,20-03-21 18:02,R_1dGFp4iggFCwuBy,NA,NA,NA,NA,anonymous,EN,9,9,9,9,7,7,6,7,7,1,4,3,1,1,1,4,3,1,4,6,7,7,6,3,1,2,3,8,9,9,9,9,9,9,7,7,5,7,7,1,4,4,1,1,1,6,3,1,4,5,6,6,6,3,1,1,3,9,9,9,2,2,2,2,2,2,2,2,2,2,1,,1,2,7,20,0,,3,
20-03-21 18:23,20-03-21 18:31,0,100,505,1,20-03-21 18:31,R_2dMHE3J7XNOfVNR,NA,NA,NA,NA,anonymous,EN,9,9,9,9,9,9,9,9,9,1,9,9,9,1,1,9,1,1,9,9,9,1,9,1,1,1,1,9,9,9,9,9,9,9,9,9,9,9,9,1,9,9,9,1,1,9,1,1,9,9,9,1,9,1,1,1,1,9,9,9,2,2,2,2,2,2,2,2,2,2,2,,1,1,1,44,0,,4,
13-03-21 18:42,13-03-21 18:42,0,7,18,0,20-03-21 18:42,R_NVL2KpizdnQ9Zf3,NA,NA,NA,NA,anonymous,EN,NA,NA,NA,NA,NA,NA,NA,NA,NA,NA,NA,NA,NA,NA,NA,NA,NA,NA,NA,NA,NA,NA,NA,NA,NA,NA,NA,NA,NA,NA,NA,NA,NA,NA,NA,NA,NA,NA,NA,NA,NA,NA,NA,NA,NA,NA,NA,NA,NA,NA,NA,NA,NA,NA,NA,NA,NA,NA,NA,NA,NA,NA,NA,NA,NA,NA,NA,NA,NA,NA,NA,,NA,NA,NA,NA,NA,,NA,
20-03-21 19:11,20-03-21 19:16,0,100,326,1,20-03-21 19:16,R_1QxqBPQsvBeRCTH,NA,NA,NA,NA,anonymous,EN,7,7,6,5,6,5,6,6,6,3,4,7,3,4,4,4,5,3,5,5,7,5,6,5,3,5,3,7,6,7,6,7,7,6,7,5,7,8,6,5,5,5,6,4,5,4,6,3,4,7,6,6,6,4,3,4,4,7,6,7,1,1,2,1,1,1,1,1,1,1,1,,1,3,4,18,0,,2,
20-03-21 19:55,20-03-21 19:58,0,100,142,1,20-03-21 19:58,R_2Yug2iWXUXfcQDw,NA,NA,NA,NA,anonymous,EN,9,9,9,9,9,9,9,9,9,9,9,9,9,9,9,9,9,9,9,9,9,9,9,9,9,9,9,9,9,9,9,9,9,9,9,9,9,9,9,9,9,9,9,9,9,9,9,9,9,9,9,9,9,9,9,9,9,9,9,9,2,2,2,2,2,2,2,2,2,2,3,,1,1,1,18,0,,5,
20-03-21 19:58,20-03-21 19:59,0,100,57,1,20-03-21 19:59,R_2YEWMbMZ87BY94w,NA,NA,NA,NA,anonymous,EN,9,9,9,9,9,9,9,9,9,9,9,9,9,9,9,9,9,9,9,9,9,9,9,9,9,9,9,9,9,9,9,9,9,9,9,9,9,9,9,9,9,9,9,9,9,9,9,9,9,9,9,9,9,9,9,9,9,9,9,9,2,2,2,2,2,2,2,2,2,2,3,,1,1,1,18,0,,5,
20-03-21 22:25,20-03-21 22:39,0,100,888,1,20-03-21 22:39,R_2w6RczrcdrvUeuY,NA,NA,NA,NA,anonymous,EN,9,9,9,9,9,9,9,9,9,7,9,9,4,9,4,9,9,4,6,9,9,9,9,8,4,7,6,9,9,9,9,9,9,9,9,9,9,9,9,9,9,9,4,9,2,9,9,4,6,9,9,9,9,8,4,7,4,9,9,9,2,2,2,2,2,2,2,2,1,1,1,,1,2,2,18,0,,4,
21-03-21 10:04,21-03-21 10:08,0,100,241,1,21-03-21 10:08,R_3NQdqdDQIHOAhGP,NA,NA,NA,NA,anonymous,EN,9,8,9,7,9,8,8,8,9,2,5,6,6,5,2,4,4,3,4,9,9,9,9,8,4,5,8,9,9,9,9,8,9,8,9,7,7,8,8,3,7,7,6,2,2,5,3,3,4,9,9,9,9,8,3,3,7,9,9,9,2,2,2,2,2,2,2,2,2,2,2,,1,1,1,19,1,,4,
21-03-21 14:33,21-03-21 14:40,0,100,441,1,21-03-21 14:40,R_2SjD8vQQqUf12xw,NA,NA,NA,NA,anonymous,EN,9,9,8,8,9,8,8,8,8,8,8,9,8,8,8,8,8,8,8,8,8,9,8,8,8,8,8,8,9,8,9,9,9,9,9,9,9,9,9,9,9,9,9,9,9,9,9,9,9,9,9,9,9,9,9,9,9,9,9,9,2,2,2,2,2,2,2,2,2,2,5,mostly vegetarian. I do not restrict myself and eat meat when I crave it (once a week or less),1,2,1,20,0,,4,
21-03-21 15:15,21-03-21 15:19,0,100,275,1,21-03-21 15:19,R_0H5k1NN6nxv3rHz,NA,NA,NA,NA,anonymous,EN,8,8,8,3,9,8,8,7,9,1,7,7,2,2,1,1,1,1,3,1,6,1,1,1,6,1,1,1,1,8,8,8,7,1,8,8,8,3,8,1,8,5,1,1,1,1,1,1,2,1,1,1,3,1,1,1,1,1,1,7,2,2,2,2,2,2,2,2,2,2,4,,1,1,1,18,0,,4,
21-03-21 15:16,21-03-21 15:22,0,100,389,1,21-03-21 15:22,R_1ocpVsCK8DFATFQ,NA,NA,NA,NA,anonymous,EN,6,5,7,5,7,6,6,6,7,3,3,9,5,2,2,4,3,2,3,5,7,4,6,3,3,5,3,7,7,9,7,7,5,6,7,6,5,6,6,3,3,8,2,2,2,3,4,2,3,5,6,4,4,2,3,3,3,6,7,9,2,2,2,2,2,2,2,1,1,1,1,,4,5,8,20,0,,3,
21-03-21 16:22,21-03-21 16:27,0,100,319,1,21-03-21 16:27,R_2arxyZyQ7KiQXPq,NA,NA,NA,NA,anonymous,EN,8,6,7,6,7,7,7,7,7,4,5,7,2,3,2,6,4,2,5,7,7,6,6,4,2,4,3,6,8,8,7,7,7,7,7,7,6,7,7,3,4,7,3,2,2,6,4,2,5,7,7,5,7,4,2,3,2,6,7,7,2,2,2,2,2,2,2,2,2,2,1,,1,3,6,19,0,,5,
21-03-21 16:33,21-03-21 16:38,0,100,307,1,21-03-21 16:38,R_tWjdVaXG5sf9ck1,NA,NA,NA,NA,anonymous,EN,8,8,8,7,8,8,8,7,8,3,7,9,6,3,3,6,6,3,4,6,7,6,8,6,6,7,6,7,6,7,8,8,8,7,8,8,8,7,8,3,7,9,6,3,3,6,6,3,6,7,6,6,8,6,6,6,6,7,7,7,2,2,2,2,2,2,2,2,2,2,1,,4,4,8,18,0,,4,
21-03-21 21:10,21-03-21 21:14,0,100,212,1,21-03-21 21:14,R_1DLOrCORVuK0NLs,NA,NA,NA,NA,anonymous,EN,9,9,9,9,9,9,9,9,9,4,9,9,4,5,1,9,9,2,2,9,9,9,9,9,9,9,9,9,9,9,5,9,9,9,9,9,9,9,9,4,9,9,4,3,1,9,9,3,3,9,9,9,9,9,9,9,9,9,9,9,2,2,2,2,2,2,2,2,2,2,1,,1,3,3,21,0,,4,
21-03-21 21:16,21-03-21 21:18,0,100,122,1,21-03-21 21:18,R_1rNxRVZ8KWWjcet,NA,NA,NA,NA,anonymous,EN,9,9,9,9,9,9,9,9,9,2,9,9,3,5,1,9,9,5,2,9,9,9,9,9,9,9,9,9,9,9,9,9,9,9,9,9,9,9,9,2,9,9,2,5,1,9,9,5,2,9,9,9,9,9,9,9,9,9,9,9,2,2,2,2,2,2,2,2,2,2,1,,1,3,2,21,0,,4,
21-03-21 22:08,21-03-21 22:12,0,100,240,1,21-03-21 22:12,R_Zaam0fW7KLLr3pv,NA,NA,NA,NA,anonymous,EN,8,7,8,7,8,7,7,7,8,8,8,8,7,8,4,7,7,6,6,7,8,7,8,2,6,2,6,9,9,9,8,7,7,7,8,7,7,7,8,7,8,8,7,7,6,7,7,6,6,7,8,7,8,3,6,2,6,9,9,9,2,2,2,2,2,2,2,2,2,2,1,,1,3,6,18,0,,3,
15-03-21 00:26,15-03-21 00:27,0,7,19,0,22-03-21 00:27,R_25sSIbCHDYc4h8z,NA,NA,NA,NA,anonymous,EN,NA,NA,NA,NA,NA,NA,NA,NA,NA,NA,NA,NA,NA,NA,NA,NA,NA,NA,NA,NA,NA,NA,NA,NA,NA,NA,NA,NA,NA,NA,NA,NA,NA,NA,NA,NA,NA,NA,NA,NA,NA,NA,NA,NA,NA,NA,NA,NA,NA,NA,NA,NA,NA,NA,NA,NA,NA,NA,NA,NA,NA,NA,NA,NA,NA,NA,NA,NA,NA,NA,NA,,NA,NA,NA,NA,NA,,NA,
22-03-21 10:52,22-03-21 10:58,0,100,348,1,22-03-21 10:58,R_3fNMLIb8hTbQCcq,NA,NA,NA,NA,anonymous,EN,7,7,5,7,7,5,6,5,7,1,3,3,1,1,1,2,4,1,4,7,1,1,5,3,3,1,4,2,3,3,7,7,7,7,7,7,6,7,7,2,6,7,1,3,3,4,5,2,6,7,1,3,7,5,1,1,7,5,7,7,2,2,2,2,2,1,1,1,1,1,1,,1,1,6,20,0,,3,
22-03-21 14:01,22-03-21 14:08,0,100,441,1,22-03-21 14:09,R_2Bnbh3h8RsM5fjn,NA,NA,NA,NA,anonymous,EN,9,9,9,9,9,8,6,8,8,3,6,8,4,4,4,5,6,4,4,8,9,7,9,8,7,4,8,9,9,9,9,9,9,9,9,8,5,9,8,4,6,6,4,4,4,7,7,4,7,8,9,9,9,9,8,4,9,9,9,9,2,2,2,2,2,2,2,1,1,1,2,,1,2,4,22,0,,5,
15-03-21 17:10,15-03-21 17:10,0,7,6,0,22-03-21 17:10,R_1NmqhbsbuKMqOwi,NA,NA,NA,NA,anonymous,EN,NA,NA,NA,NA,NA,NA,NA,NA,NA,NA,NA,NA,NA,NA,NA,NA,NA,NA,NA,NA,NA,NA,NA,NA,NA,NA,NA,NA,NA,NA,NA,NA,NA,NA,NA,NA,NA,NA,NA,NA,NA,NA,NA,NA,NA,NA,NA,NA,NA,NA,NA,NA,NA,NA,NA,NA,NA,NA,NA,NA,NA,NA,NA,NA,NA,NA,NA,NA,NA,NA,NA,,NA,NA,NA,NA,NA,,NA,
22-03-21 17:33,22-03-21 17:42,0,100,527,1,22-03-21 17:42,R_3nB4iEVhaVKj9Im,NA,NA,NA,NA,anonymous,EN,9,8,9,6,9,9,6,8,8,3,2,3,3,1,1,5,4,1,5,6,9,8,9,5,5,2,5,9,9,9,9,8,9,7,9,9,5,8,8,1,3,2,2,1,1,2,2,1,6,4,9,8,9,5,3,1,3,9,9,9,2,2,2,2,2,2,2,2,2,2,3,,1,2,4,20,0,,4,No
23-03-21 11:52,23-03-21 11:54,0,100,119,1,23-03-21 11:54,R_1Nk99DPjPEhAvzC,NA,NA,NA,NA,anonymous,EN,9,9,9,9,9,9,9,9,9,9,9,9,9,9,9,9,9,9,9,9,9,9,9,9,9,9,9,9,9,9,9,9,9,9,9,9,9,9,9,9,9,9,9,9,9,9,9,9,9,9,9,9,9,9,9,9,9,9,9,9,2,2,2,2,2,2,2,2,2,2,4,,1,1,1,19,0,,4,
24-03-21 22:21,24-03-21 22:30,0,100,552,1,24-03-21 22:31,R_2t8SjEQWUkFPx2K,NA,NA,NA,NA,anonymous,EN,6,9,9,7,7,6,4,7,7,2,3,4,1,2,1,9,5,2,4,7,9,7,8,5,2,2,4,9,9,9,6,9,9,6,6,5,4,6,7,2,3,3,1,1,1,9,5,2,3,7,9,6,9,4,1,2,4,9,9,9,2,2,2,2,2,2,2,1,1,1,1,,1,4,4,21,0,,5,no.
18-03-21 11:50,18-03-21 11:50,0,7,13,0,25-03-21 11:50,R_1doGUdZJxaDfVJa,NA,NA,NA,NA,anonymous,EN,NA,NA,NA,NA,NA,NA,NA,NA,NA,NA,NA,NA,NA,NA,NA,NA,NA,NA,NA,NA,NA,NA,NA,NA,NA,NA,NA,NA,NA,NA,NA,NA,NA,NA,NA,NA,NA,NA,NA,NA,NA,NA,NA,NA,NA,NA,NA,NA,NA,NA,NA,NA,NA,NA,NA,NA,NA,NA,NA,NA,NA,NA,NA,NA,NA,NA,NA,NA,NA,NA,NA,,NA,NA,NA,NA,NA,,NA,
25-03-21 14:01,25-03-21 14:08,0,100,391,1,25-03-21 14:08,R_1ruGr8CBsmPah1x,NA,NA,NA,NA,anonymous,EN,9,7,8,8,7,7,7,8,8,3,4,3,2,5,2,3,4,2,6,8,5,6,6,3,3,2,4,6,9,8,9,7,7,8,8,7,7,7,8,2,4,2,2,5,2,3,3,2,6,8,5,4,6,3,2,2,2,7,8,8,2,2,2,2,2,2,2,2,1,1,1,,8,8,6,19,0,,2,
25-03-21 18:56,25-03-21 19:06,0,100,571,1,25-03-21 19:06,R_6AmpC7DuB1pGbol,NA,NA,NA,NA,anonymous,EN,9,9,5,7,5,3,1,6,6,1,2,2,1,1,1,1,3,2,3,6,6,4,4,1,1,1,1,4,8,5,9,9,4,6,2,2,1,4,4,1,2,1,1,1,1,1,1,1,1,4,4,2,3,1,1,1,1,3,8,4,2,2,2,2,2,2,1,1,1,1,1,,1,3,4,19,0,,4,
25-03-21 19:04,25-03-21 19:11,0,100,408,1,25-03-21 19:11,R_3hswvX8VmFAPbVR,NA,NA,NA,NA,anonymous,EN,5,9,3,6,4,1,3,3,1,1,1,4,NA,1,1,1,1,1,1,4,6,1,3,1,1,1,1,1,1,1,5,7,1,4,2,1,3,1,3,1,1,1,1,1,1,1,1,1,1,4,1,1,1,1,1,1,1,1,1,1,2,2,2,2,2,2,1,1,1,1,1,,1,4,5,20,0,,3,no
25-03-21 19:14,25-03-21 19:18,0,100,255,1,25-03-21 19:18,R_1jCEjvkdCgkNrmK,NA,NA,NA,NA,anonymous,EN,6,5,7,6,9,7,8,6,9,3,3,6,1,3,1,7,8,6,5,5,5,2,3,2,3,4,4,5,4,8,6,5,6,7,9,6,8,9,9,3,3,7,4,4,1,5,4,4,5,6,4,3,3,2,2,3,3,4,4,8,2,2,2,1,1,1,1,1,1,1,1,,2,4,7,20,0,,4,
26-03-21 10:42,26-03-21 10:47,0,100,351,1,26-03-21 10:47,R_NUprbgR4lpcJRBL,NA,NA,NA,NA,anonymous,EN,9,9,8,8,8,7,6,7,7,3,6,7,6,2,2,7,5,3,5,8,9,9,8,7,4,4,6,9,9,9,9,9,9,8,8,7,6,7,7,3,6,7,6,2,2,7,5,3,5,7,9,9,8,6,4,4,6,9,9,9,2,2,2,2,2,2,2,2,2,2,1,,5,3,6,20,1,,4,
26-03-21 10:46,26-03-21 10:56,0,100,585,1,26-03-21 10:56,R_3QPL3idMc6xnK1o,NA,NA,NA,NA,anonymous,EN,6,6,6,4,4,4,4,4,4,2,3,4,1,1,1,5,3,1,2,4,5,4,4,2,1,1,2,5,5,5,6,6,6,4,4,4,4,4,4,2,3,4,1,1,1,5,3,2,2,5,5,5,5,2,1,1,2,5,5,5,2,2,2,2,2,2,2,2,2,2,1,,4,1,4,22,1,,4,
27-03-21 10:07,27-03-21 10:14,0,100,436,1,27-03-21 10:14,R_2vYuce17Ql5Jk4H,NA,NA,NA,NA,anonymous,EN,9,9,9,6,8,6,7,7,7,1,6,7,1,2,1,3,5,1,2,6,4,3,5,3,1,1,5,3,6,6,9,9,9,6,9,8,8,8,8,3,5,7,1,1,2,3,4,3,3,6,6,4,5,5,1,1,1,7,7,8,2,2,2,2,2,2,2,2,1,1,1,,2,4,3,22,0,,3,
27-03-21 17:04,27-03-21 17:11,0,100,408,1,27-03-21 17:11,R_2rIP4dlZeGDtXB9,NA,NA,NA,NA,anonymous,EN,1,2,5,5,5,5,1,5,5,5,1,2,5,1,3,6,6,6,4,5,1,7,6,9,4,6,5,6,5,5,1,1,1,1,5,5,1,1,4,5,1,2,5,2,4,6,6,7,2,5,1,7,6,9,2,6,2,6,5,3,2,2,2,2,2,2,2,1,1,1,2,,1,1,4,24,0,,2,
27-03-21 17:11,27-03-21 17:15,0,100,296,1,27-03-21 17:15,R_5dvTxOskQzb1njP,NA,NA,NA,NA,anonymous,EN,8,4,5,4,4,4,1,4,3,3,5,8,2,3,2,4,4,2,6,5,5,6,6,2,3,3,4,6,6,8,8,6,4,4,5,3,3,4,3,3,2,8,2,3,2,3,3,2,6,6,6,6,6,2,2,2,3,6,6,8,2,2,2,2,2,2,1,1,1,1,1,,1,1,6,18,0,,3,
27-03-21 20:46,27-03-21 20:51,0,100,295,1,27-03-21 20:51,R_1DvAZP2V0SfIhJZ,NA,NA,NA,NA,anonymous,EN,9,8,8,8,3,7,4,4,7,2,3,3,2,2,2,2,2,2,8,3,2,6,7,2,3,2,2,8,7,9,9,8,8,8,6,7,4,6,5,2,3,2,2,2,2,2,3,2,8,2,2,3,6,2,2,2,2,7,7,8,2,2,2,2,1,1,1,1,1,1,1,,1,2,7,19,0,,2,no
27-03-21 21:01,27-03-21 21:09,0,100,479,1,27-03-21 21:09,R_yq2zyOKFQKziL9D,NA,NA,NA,NA,anonymous,EN,9,9,9,9,9,9,7,9,7,2,5,9,2,2,2,7,6,2,6,9,9,9,9,5,4,4,6,9,9,9,9,9,9,8,9,9,7,9,8,1,4,8,1,2,2,7,2,2,7,8,9,7,9,4,4,3,7,9,9,9,2,2,2,2,2,2,2,2,2,2,2,,7,7,4,20,0,,4,
28-03-21 16:25,28-03-21 16:29,0,100,262,1,28-03-21 16:29,R_2fdE2F7ZOyDUfQ8,NA,NA,NA,NA,anonymous,EN,7,7,7,6,8,7,7,7,7,5,6,7,4,5,5,7,6,7,5,6,7,7,6,5,5,7,4,7,6,8,7,7,7,6,8,7,7,6,7,5,6,7,3,6,5,7,5,7,5,6,7,7,6,5,5,7,5,6,6,8,2,2,2,1,1,1,1,1,1,1,1,,2,1,6,25,1,,5,
29-03-21 12:49,29-03-21 12:58,0,100,569,1,29-03-21 12:58,R_0IpLcFg8cFvtTI5,NA,NA,NA,NA,anonymous,EN,9,9,9,8,9,8,8,8,8,4,5,9,4,3,3,8,7,6,6,8,8,9,9,8,5,4,5,8,9,9,9,9,9,8,9,8,6,7,8,3,5,9,3,2,2,7,7,4,6,9,9,8,9,8,4,4,4,9,9,9,2,2,2,2,2,2,2,2,2,2,1,,1,1,4,19,0,,3,
29-03-21 13:59,29-03-21 14:04,0,100,289,1,29-03-21 14:04,R_3hzEyMRgLuSWuaX,NA,NA,NA,NA,anonymous,EN,9,8,9,9,5,2,3,3,4,4,4,5,5,2,1,3,2,1,3,5,9,9,9,1,1,1,1,9,5,9,9,8,9,9,5,2,3,5,3,3,4,5,4,1,1,5,4,1,1,5,9,9,3,5,1,1,1,9,5,9,2,2,2,2,2,2,2,2,2,1,1,,1,3,4,19,0,,4,
29-03-21 19:14,29-03-21 19:20,0,100,367,1,29-03-21 19:20,R_uacwRAMxcVrRueJ,NA,NA,NA,NA,anonymous,EN,9,9,4,5,6,6,3,5,7,3,4,6,3,3,2,9,3,2,2,9,9,6,6,5,2,5,6,8,9,9,9,9,4,5,6,6,3,5,6,3,3,6,2,2,2,9,2,2,2,8,9,7,6,6,2,5,6,9,9,9,2,2,2,2,2,1,1,1,1,1,2,,1,3,3,21,1,,4,
29-03-21 20:15,29-03-21 20:19,0,100,270,1,29-03-21 20:19,R_QiWtPYWWHFsKZvb,NA,NA,NA,NA,anonymous,EN,9,9,9,6,7,7,4,6,6,3,4,5,2,1,3,8,3,2,4,8,6,8,8,3,4,3,3,8,9,9,9,5,7,3,7,5,5,7,6,3,3,5,2,1,3,3,4,2,3,7,7,3,8,4,3,3,4,8,9,7,2,2,2,2,2,2,2,1,1,1,1,,3,3,7,19,0,,4,
29-03-21 20:21,29-03-21 20:24,0,100,206,1,29-03-21 20:24,R_3HA01R7BhhzNKeO,NA,NA,NA,NA,anonymous,EN,9,9,7,6,5,6,7,5,6,3,2,5,2,1,2,4,4,2,3,7,7,2,8,3,3,3,3,8,9,7,9,9,7,5,6,7,6,5,5,3,2,3,2,2,3,4,3,2,3,8,7,3,9,3,2,1,4,9,9,8,2,2,2,2,2,2,2,1,1,1,1,,3,3,8,19,0,,4,
29-03-21 22:04,29-03-21 22:09,0,100,311,1,29-03-21 22:09,R_2aaAzyAgIpLMmiu,NA,NA,NA,NA,anonymous,EN,9,9,8,9,7,7,5,8,8,3,3,7,3,2,2,8,4,2,4,8,7,7,9,4,7,5,6,9,9,9,9,9,9,9,8,7,6,8,8,4,3,7,2,2,2,8,4,2,4,9,9,8,9,6,6,4,7,9,9,9,2,2,2,2,2,2,2,1,1,1,1,,1,2,4,22,0,,4,
30-03-21 10:16,30-03-21 10:20,0,100,241,1,30-03-21 10:20,R_27agKPuzxNwBkX8,NA,NA,NA,NA,anonymous,EN,9,9,9,9,9,8,8,9,8,8,9,9,1,7,1,9,5,5,6,9,9,9,9,8,5,8,5,9,9,9,9,9,9,9,9,8,7,9,8,7,8,9,1,6,1,9,5,6,6,9,9,9,9,8,6,7,5,9,9,9,2,2,2,2,2,2,2,2,2,2,4,,1,1,1,21,1,,4,
30-03-21 15:28,30-03-21 15:33,0,100,297,1,30-03-21 15:33,R_BVufepqmRQMxnqh,NA,NA,NA,NA,anonymous,EN,8,9,4,6,5,5,5,5,5,1,3,1,1,1,1,4,2,1,2,3,6,4,4,1,2,1,2,5,5,5,8,9,5,6,5,5,5,5,5,1,2,1,1,1,1,4,2,1,2,3,5,3,5,1,2,1,2,5,5,5,2,2,2,2,1,1,1,1,1,1,1,,2,4,5,18,0,,4,
30-03-21 17:05,30-03-21 17:09,0,100,243,1,30-03-21 17:09,R_1g8emsOXBqyRd0w,NA,NA,NA,NA,anonymous,EN,9,9,9,9,9,9,9,9,9,8,9,9,3,9,3,9,9,9,9,8,9,9,9,9,7,8,9,9,9,9,9,9,9,9,9,9,9,9,9,8,9,9,3,9,3,9,9,9,9,9,9,9,9,9,9,8,9,9,9,9,2,2,2,2,2,2,2,2,2,2,3,,1,1,1,21,0,,4,
30-03-21 18:23,30-03-21 18:37,0,100,873,1,30-03-21 18:37,R_3gLreAKWnVOHvYG,NA,NA,NA,NA,anonymous,EN,9,7,7,8,7,6,6,7,7,5,6,6,6,3,2,7,6,4,6,8,9,8,7,7,4,4,6,7,8,9,7,7,7,8,6,7,6,7,7,4,5,6,5,4,4,8,6,3,6,8,9,9,8,8,4,3,5,9,8,9,2,2,2,2,2,2,2,2,2,2,1,,4,4,4,20,0,,2,no
30-03-21 22:40,30-03-21 22:49,0,100,569,1,30-03-21 22:49,R_33dacaPjvYmE9qJ,NA,NA,NA,NA,anonymous,EN,7,7,8,6,5,6,6,6,6,3,4,5,4,3,3,8,4,3,6,6,8,5,7,5,5,3,5,7,8,7,8,7,8,7,8,6,6,7,7,4,5,4,4,4,4,7,5,5,7,7,8,7,7,6,5,5,6,7,8,8,2,2,2,2,2,2,2,2,2,2,4,,1,1,1,21,0,,4,
24-03-21 10:28,24-03-21 10:29,0,7,13,0,31-03-21 11:29,R_1nUQHxUlNKZfFFU,NA,NA,NA,NA,anonymous,EN,NA,NA,NA,NA,NA,NA,NA,NA,NA,NA,NA,NA,NA,NA,NA,NA,NA,NA,NA,NA,NA,NA,NA,NA,NA,NA,NA,NA,NA,NA,NA,NA,NA,NA,NA,NA,NA,NA,NA,NA,NA,NA,NA,NA,NA,NA,NA,NA,NA,NA,NA,NA,NA,NA,NA,NA,NA,NA,NA,NA,NA,NA,NA,NA,NA,NA,NA,NA,NA,NA,NA,,NA,NA,NA,NA,NA,,NA,
31-03-21 13:50,31-03-21 13:54,0,100,238,1,31-03-21 13:54,R_2tLJMUuNl4UkPwI,NA,NA,NA,NA,anonymous,EN,9,4,7,8,7,4,6,7,6,5,6,2,1,5,1,6,1,1,7,8,8,5,8,2,1,1,1,8,8,9,9,4,7,8,7,6,6,7,7,5,5,1,1,5,1,6,1,1,5,8,8,5,8,2,1,1,1,8,8,9,2,2,2,2,2,2,1,1,1,1,1,,2,3,6,18,0,,2,
01-04-21 11:28,01-04-21 11:35,0,100,422,1,01-04-21 11:35,R_9Fc6ZHM8X2YLrdn,NA,NA,NA,NA,anonymous,EN,8,7,5,7,7,4,3,8,7,5,5,5,1,3,2,7,6,4,3,6,8,NA,7,5,3,3,6,8,8,8,8,7,5,7,7,4,5,7,7,5,5,6,1,4,3,7,5,4,4,6,8,7,7,5,3,3,6,8,8,8,2,2,2,2,2,2,2,2,2,2,1,,4,5,7,NA,1,,2,
01-04-21 12:01,01-04-21 12:05,0,100,245,1,01-04-21 12:05,R_3PBSB06y2Re9B4m,NA,NA,NA,NA,anonymous,EN,9,9,9,9,9,9,9,9,9,5,7,3,3,1,1,9,6,2,7,9,9,9,9,8,4,1,5,9,9,9,9,9,8,9,9,8,9,9,9,4,7,2,3,1,1,9,6,1,6,9,9,9,9,8,5,1,4,9,9,9,2,2,2,2,2,2,2,2,2,2,3,,1,1,1,18,0,,3,
01-04-21 15:45,01-04-21 15:50,0,100,322,1,01-04-21 15:50,R_1inw9QHfyxXGDaZ,NA,NA,NA,NA,anonymous,EN,9,3,9,8,9,9,7,7,8,4,6,9,9,2,1,8,4,3,4,9,9,7,9,5,3,3,5,9,9,9,9,3,9,6,9,9,6,7,8,4,8,9,9,2,1,9,3,3,2,8,9,7,9,5,3,4,4,9,9,9,2,2,2,2,2,2,2,2,2,2,1,,1,3,4,21,0,,4,
01-04-21 16:14,01-04-21 16:22,0,100,505,1,01-04-21 16:22,R_u24MmGZxD7Xvctz,NA,NA,NA,NA,anonymous,EN,9,7,9,8,7,6,6,8,9,3,5,6,2,2,3,5,6,3,7,7,8,4,7,3,4,3,5,7,9,9,9,7,9,8,7,6,6,8,8,4,5,6,2,2,3,4,5,2,3,7,8,3,7,2,3,2,5,7,9,9,2,2,2,1,1,1,1,1,1,1,1,,6,5,5,20,0,,4,
01-04-21 16:54,01-04-21 17:00,0,100,415,1,01-04-21 17:00,R_7UJ1qEwgZzzZkVH,NA,NA,NA,NA,anonymous,EN,9,9,8,8,7,8,7,6,8,8,8,8,1,1,1,6,5,2,4,8,8,7,6,4,2,2,5,8,9,8,9,9,8,8,7,7,6,6,7,7,8,8,1,1,1,6,6,1,3,8,8,8,6,4,2,2,4,8,8,8,2,2,2,2,2,2,2,2,1,1,2,,2,3,3,19,0,,4,
01-04-21 17:01,01-04-21 17:04,0,100,178,1,01-04-21 17:04,R_eeoAY1Vpf1hJBNT,NA,NA,NA,NA,anonymous,EN,9,9,8,8,6,7,6,6,7,7,8,8,1,1,1,6,5,1,6,7,8,6,6,4,2,2,4,8,8,8,9,9,8,8,6,7,6,6,7,7,8,8,1,1,1,6,5,1,6,7,8,6,6,4,2,2,4,8,8,8,2,2,2,2,2,2,2,2,1,1,2,,2,3,3,19,0,,4,
01-04-21 17:05,01-04-21 17:08,0,100,203,1,01-04-21 17:08,R_1gnhyHN0bRR1nTc,NA,NA,NA,NA,anonymous,EN,9,9,8,8,6,7,6,6,7,6,8,8,1,1,1,6,5,1,4,7,8,6,6,4,2,2,4,8,8,8,9,9,8,8,6,7,6,6,7,8,8,8,1,1,1,6,5,1,6,7,8,6,6,4,2,2,4,8,8,8,2,2,2,2,2,2,2,2,1,1,2,,2,3,3,19,0,,4,The study doesn't work on safari
01-04-21 19:19,01-04-21 19:25,0,100,360,1,01-04-21 19:25,R_tKcZUuvtuixGCT7,NA,NA,NA,NA,anonymous,EN,9,9,9,8,9,8,8,9,8,8,8,5,1,1,1,8,9,1,9,9,9,9,9,8,8,1,8,9,9,9,9,9,9,8,9,9,8,9,8,8,8,4,1,1,1,8,9,2,9,9,9,9,9,8,7,1,8,9,9,9,2,2,2,2,2,2,1,1,1,1,1,,1,6,5,19,0,,4,"No, thank you."
02-04-21 13:27,02-04-21 13:32,0,100,267,1,02-04-21 13:32,R_3pxEp9enKl7ATER,NA,NA,NA,NA,anonymous,EN,9,7,6,6,7,7,6,7,7,3,4,2,2,2,2,4,3,1,4,4,4,4,6,3,2,2,2,8,7,7,8,7,6,4,7,6,6,7,6,3,1,2,2,1,2,2,2,2,4,4,4,4,6,2,2,2,2,7,7,7,2,2,2,2,1,1,1,1,1,1,1,,6,8,8,19,0,,2,
02-04-21 17:38,02-04-21 17:42,0,100,251,1,02-04-21 17:42,R_1CeaUDdmcacdho7,NA,NA,NA,NA,anonymous,EN,3,3,5,3,3,2,2,4,2,2,3,1,1,1,1,8,2,1,1,6,8,9,7,3,1,1,1,9,7,9,3,3,5,2,3,2,2,3,3,2,3,1,1,1,1,8,2,1,1,2,8,8,7,3,1,1,2,9,8,9,2,2,2,2,2,2,2,2,1,1,1,,5,4,5,19,0,,2,
03-04-21 10:44,03-04-21 10:51,0,100,397,1,03-04-21 10:51,R_25WJ2XqhCeYRB9p,NA,NA,NA,NA,anonymous,EN,9,9,9,7,7,7,7,7,8,5,4,9,7,7,3,6,6,3,2,9,9,8,7,4,4,6,6,7,9,9,9,9,8,7,7,7,7,7,7,6,5,9,6,6,3,6,6,4,4,9,9,7,7,5,6,6,6,8,9,8,2,2,2,2,2,2,2,2,2,1,2,,1,2,1,19,0,,4,
03-04-21 13:17,03-04-21 13:21,0,100,270,1,03-04-21 13:21,R_pbhsLfdj5pZCPGV,NA,NA,NA,NA,anonymous,EN,9,7,5,1,4,4,4,4,6,2,3,2,2,1,1,2,2,2,5,2,7,3,5,2,2,2,2,5,6,7,9,8,7,2,4,4,4,6,7,2,3,2,1,1,2,2,3,2,3,2,5,4,6,2,2,2,2,7,7,7,2,2,2,2,2,2,1,1,1,1,1,,1,1,5,19,0,,3,X
03-04-21 15:17,03-04-21 15:23,0,100,381,1,03-04-21 15:23,R_28S2kJvgxgJDwPC,NA,NA,NA,NA,anonymous,EN,8,8,9,7,5,8,4,7,6,1,3,2,1,1,1,6,1,1,4,5,6,5,6,4,3,1,2,6,7,8,7,9,9,7,7,8,5,6,6,1,3,2,1,1,1,5,1,1,4,4,6,5,6,4,3,1,2,6,6,8,2,2,2,2,1,1,1,1,1,1,1,,1,4,7,19,0,,4,
03-04-21 17:34,03-04-21 17:41,0,100,439,1,03-04-21 17:41,R_3qBYKfFHLTNL8Wn,NA,NA,NA,NA,anonymous,EN,9,9,8,5,6,6,6,7,7,2,4,6,2,1,2,6,5,2,5,5,9,5,7,4,3,4,4,9,9,9,9,9,8,6,6,6,6,6,6,2,3,7,3,1,2,7,5,2,5,5,9,5,8,4,3,4,4,9,9,9,2,2,2,2,2,1,1,1,1,1,1,,1,1,6,18,1,,4,
03-04-21 18:58,03-04-21 19:03,0,100,335,1,03-04-21 19:03,R_8HRPPVr18ATzKyB,NA,NA,NA,NA,anonymous,EN,9,8,7,7,7,8,8,6,7,2,5,9,4,2,2,7,7,2,3,5,8,7,5,3,3,2,4,7,7,7,9,8,7,7,8,8,7,7,7,2,6,9,6,2,2,7,7,2,3,6,8,7,6,4,3,3,3,7,7,7,2,2,2,2,2,2,2,2,2,2,4,,1,1,1,19,0,,4,
03-04-21 19:41,03-04-21 19:47,0,100,333,1,03-04-21 19:47,R_2cuztvDvkA3z4M8,NA,NA,NA,NA,anonymous,EN,8,8,9,8,7,7,5,7,6,4,4,5,2,2,2,4,4,2,4,6,6,6,7,5,2,4,4,7,6,7,7,7,9,8,6,6,5,6,7,4,3,8,2,2,1,2,3,2,3,5,7,5,6,2,2,4,4,7,7,6,2,2,2,2,2,2,2,2,2,2,1,,1,5,5,18,0,,4,
03-04-21 19:48,03-04-21 19:54,0,100,310,1,03-04-21 19:54,R_1MScs52woluNFmM,NA,NA,NA,NA,anonymous,EN,8,8,9,8,6,5,6,7,6,4,4,6,2,2,2,4,3,2,4,5,7,6,6,3,4,3,2,6,7,7,7,7,9,8,7,5,4,7,5,3,4,7,2,2,2,3,3,2,4,5,7,6,6,4,2,4,3,6,7,6,2,2,2,2,2,2,2,2,2,2,1,,1,5,5,18,0,,4,
03-04-21 20:05,03-04-21 20:10,0,100,308,1,03-04-21 20:10,R_2uJM6Bb7IZERGjE,NA,NA,NA,NA,anonymous,EN,9,9,9,8,9,9,8,9,9,7,8,6,4,4,4,8,7,4,7,7,9,9,8,8,7,5,7,9,9,9,9,9,9,9,9,9,8,9,9,7,8,6,4,4,5,7,7,3,7,8,9,9,9,7,7,6,7,9,9,9,2,2,2,2,2,2,2,2,2,2,3,,1,1,1,19,0,,4,
03-04-21 20:12,03-04-21 20:16,0,100,214,1,03-04-21 20:16,R_2XiYrgu5NGMfsqB,NA,NA,NA,NA,anonymous,EN,9,9,9,8,9,9,8,9,9,6,8,6,4,4,4,7,7,3,7,8,9,9,9,7,7,6,7,9,9,9,9,9,9,9,9,9,9,9,9,7,7,6,5,5,3,8,7,4,7,9,7,9,9,8,7,6,7,9,9,9,2,2,2,2,2,2,2,2,2,2,3,,1,1,1,19,0,,4,
04-04-21 10:29,04-04-21 10:33,0,100,209,1,04-04-21 10:33,R_2ZJNbm23UynODDd,NA,NA,NA,NA,anonymous,EN,9,7,7,9,4,4,5,6,7,4,6,4,3,1,1,7,5,1,5,6,9,9,9,7,1,2,2,9,6,9,9,7,7,9,7,6,5,7,7,4,5,2,4,1,1,7,6,2,5,7,9,9,9,7,1,1,2,9,8,9,2,2,2,2,2,2,2,1,1,1,1,,1,3,5,20,0,,2,/
04-04-21 10:23,04-04-21 11:35,0,100,4285,1,04-04-21 11:35,R_zf2j4KbWGBepRUl,NA,NA,NA,NA,anonymous,EN,9,7,7,8,6,5,4,5,7,2,3,4,2,2,1,4,4,1,4,5,4,2,8,5,3,2,5,7,5,8,9,7,7,8,6,5,4,6,7,1,4,4,2,2,1,4,4,1,4,6,4,2,5,5,3,2,5,8,6,8,2,2,2,2,2,2,2,1,1,1,1,,4,3,7,19,0,,4,
04-04-21 11:36,04-04-21 11:39,0,100,194,1,04-04-21 11:39,R_33BxurIZCZx4c4K,NA,NA,NA,NA,anonymous,EN,9,7,7,7,6,6,4,6,7,1,2,2,2,2,1,4,3,1,4,6,3,2,8,3,3,2,5,8,5,8,9,7,7,7,6,5,4,5,6,1,2,2,2,2,1,4,3,1,3,7,4,2,8,3,4,2,3,8,5,8,2,2,2,2,2,2,2,1,1,1,1,,4,3,7,19,0,,4,-
28-03-21 13:14,28-03-21 13:15,0,7,17,0,04-04-21 13:15,R_28SpZhEMHqpdUeC,NA,NA,NA,NA,anonymous,EN,NA,NA,NA,NA,NA,NA,NA,NA,NA,NA,NA,NA,NA,NA,NA,NA,NA,NA,NA,NA,NA,NA,NA,NA,NA,NA,NA,NA,NA,NA,NA,NA,NA,NA,NA,NA,NA,NA,NA,NA,NA,NA,NA,NA,NA,NA,NA,NA,NA,NA,NA,NA,NA,NA,NA,NA,NA,NA,NA,NA,NA,NA,NA,NA,NA,NA,NA,NA,NA,NA,NA,,NA,NA,NA,NA,NA,,NA,
04-04-21 14:49,04-04-21 15:02,0,100,779,1,04-04-21 15:02,R_3PIe3ZnXYQEHHkZ,NA,NA,NA,NA,anonymous,EN,7,7,7,6,6,6,5,6,6,2,3,2,1,1,1,5,2,2,5,6,6,5,7,5,3,1,3,7,9,7,7,7,7,6,6,6,6,6,6,2,3,2,1,1,1,5,3,2,5,7,7,6,7,5,3,1,3,7,9,7,2,2,2,2,2,1,1,1,1,1,1,,1,6,6,19,0,,2,
04-04-21 18:37,04-04-21 18:41,0,100,182,1,04-04-21 18:41,R_YQdbLyG2YLwui41,NA,NA,NA,NA,anonymous,EN,5,5,5,5,5,5,5,5,5,5,5,5,5,5,5,7,5,5,7,5,7,7,8,7,5,5,5,8,7,8,5,5,5,5,5,8,5,5,5,5,5,5,5,5,5,8,5,5,5,5,8,8,8,8,5,5,5,8,8,8,2,2,2,2,2,2,2,2,1,1,1,,3,1,6,20,0,,4,no
04-04-21 21:50,04-04-21 21:57,0,100,415,1,04-04-21 21:57,R_Agqx1ujYrUQeNtn,NA,NA,NA,NA,anonymous,EN,9,5,7,3,7,7,5,7,7,4,6,6,1,1,1,3,2,1,1,8,9,6,9,3,1,1,1,9,9,9,9,5,7,5,7,7,5,7,7,5,5,6,2,1,1,3,2,1,1,9,9,6,9,3,1,1,1,9,9,9,2,2,2,2,2,2,2,1,1,1,2,,1,1,5,20,0,,4,
05-04-21 08:44,05-04-21 08:47,0,100,193,1,05-04-21 08:47,R_1DnJxkJVuedhOuH,NA,NA,NA,NA,anonymous,EN,9,7,7,8,6,4,3,6,7,1,2,3,2,2,1,3,3,1,4,6,2,2,8,4,4,3,5,8,5,8,9,7,7,8,6,3,3,5,7,1,2,3,2,2,1,3,2,1,4,6,2,2,8,3,3,3,6,8,5,8,2,2,2,2,2,2,2,1,1,1,1,,4,4,6,19,0,,4,
29-03-21 10:46,29-03-21 10:46,0,7,4,0,05-04-21 10:47,R_2sTiMfm3aOYXkz3,NA,NA,NA,NA,anonymous,EN,NA,NA,NA,NA,NA,NA,NA,NA,NA,NA,NA,NA,NA,NA,NA,NA,NA,NA,NA,NA,NA,NA,NA,NA,NA,NA,NA,NA,NA,NA,NA,NA,NA,NA,NA,NA,NA,NA,NA,NA,NA,NA,NA,NA,NA,NA,NA,NA,NA,NA,NA,NA,NA,NA,NA,NA,NA,NA,NA,NA,NA,NA,NA,NA,NA,NA,NA,NA,NA,NA,NA,,NA,NA,NA,NA,NA,,NA,
05-04-21 10:53,05-04-21 10:57,0,100,240,1,05-04-21 10:57,R_296oAvQkXPF6T7m,NA,NA,NA,NA,anonymous,EN,8,8,8,8,8,8,8,8,8,8,8,9,7,4,6,8,8,3,8,8,9,8,8,8,8,6,8,8,9,9,8,8,8,8,8,8,8,8,8,8,8,9,7,6,6,8,8,5,8,8,9,8,8,8,8,7,8,8,9,9,2,2,2,2,2,2,2,2,2,2,4,,1,1,1,20,0,,5,No comments
05-04-21 12:03,05-04-21 12:08,0,100,315,1,05-04-21 12:08,R_10Zsbdq6vOK6SfC,NA,NA,NA,NA,anonymous,EN,9,9,9,9,9,9,9,9,9,9,9,9,8,7,7,9,9,7,9,9,9,9,9,9,9,8,9,9,9,9,9,9,9,9,9,9,9,9,9,9,9,9,7,7,7,9,9,7,9,9,9,9,9,9,9,8,9,9,9,9,2,2,2,2,2,2,2,2,2,2,3,,1,1,1,20,0,,4,
05-04-21 13:51,05-04-21 13:58,0,100,427,1,05-04-21 13:58,R_1l6pkh5KQ0OqOXQ,NA,NA,NA,NA,anonymous,EN,9,9,9,9,8,9,9,9,9,6,9,5,5,5,3,9,8,5,9,7,9,7,9,6,6,4,6,9,9,9,9,9,9,9,9,9,8,9,9,6,9,5,5,5,4,7,7,5,9,8,9,7,8,7,7,4,6,9,9,9,2,2,2,2,2,2,2,2,2,2,1,,3,5,7,18,0,,3,
29-03-21 14:15,29-03-21 14:16,0,7,49,0,05-04-21 14:16,R_ehbz1ai2JMOtw1X,NA,NA,NA,NA,anonymous,EN,NA,NA,NA,NA,NA,NA,NA,NA,NA,NA,NA,NA,NA,NA,NA,NA,NA,NA,NA,NA,NA,NA,NA,NA,NA,NA,NA,NA,NA,NA,NA,NA,NA,NA,NA,NA,NA,NA,NA,NA,NA,NA,NA,NA,NA,NA,NA,NA,NA,NA,NA,NA,NA,NA,NA,NA,NA,NA,NA,NA,NA,NA,NA,NA,NA,NA,NA,NA,NA,NA,NA,,NA,NA,NA,NA,NA,,NA,
05-04-21 16:23,05-04-21 16:30,0,100,408,1,05-04-21 16:30,R_2R3nwp5fvZfhiOy,NA,NA,NA,NA,anonymous,EN,8,5,8,4,7,7,4,6,4,2,3,6,2,1,2,7,3,3,4,5,8,7,6,4,3,2,3,8,7,8,7,4,8,4,6,6,4,5,4,3,3,5,2,1,2,7,3,2,4,4,8,7,5,5,3,2,3,8,7,8,2,2,2,2,2,1,1,1,1,1,1,,3,4,5,21,0,,2,"No, thank you."
05-04-21 16:46,05-04-21 16:51,0,100,288,1,05-04-21 16:51,R_1jv7gNtsmFZGM8U,NA,NA,NA,NA,anonymous,EN,9,9,8,9,9,9,8,9,9,5,6,3,3,1,1,2,5,1,7,3,8,3,8,3,7,2,7,8,9,8,9,9,9,9,9,9,8,9,9,5,6,5,3,2,3,3,5,2,7,7,8,5,8,4,8,2,7,8,8,8,2,2,2,2,2,2,2,2,2,2,4,,1,1,1,NA,0,,3,
05-04-21 18:04,05-04-21 18:08,0,100,258,1,05-04-21 18:08,R_cSeihJopi3uOk0N,NA,NA,NA,NA,anonymous,EN,9,7,1,8,8,8,7,7,6,6,8,8,1,1,1,7,6,1,1,7,8,7,7,6,1,1,1,7,8,7,9,7,6,8,8,8,8,8,8,6,8,8,1,1,1,8,6,1,1,8,9,8,8,5,1,2,1,7,8,8,2,2,2,2,2,2,2,1,1,1,1,,1,5,4,20,0,,4,
02-04-21 23:43,05-04-21 19:37,0,100,244449,1,05-04-21 19:37,R_2ZBkGaXw1xUTkmi,NA,NA,NA,NA,anonymous,EN,8,7,7,8,8,8,5,7,8,4,4,5,4,2,4,8,7,2,5,5,6,5,8,3,4,2,7,6,8,8,8,7,7,8,8,8,6,8,8,4,3,5,4,2,5,8,6,2,5,6,6,5,7,3,5,2,7,6,8,8,2,2,2,2,2,2,2,2,2,2,3,,1,1,1,32,0,,4,
05-04-21 19:33,05-04-21 19:37,0,100,245,1,05-04-21 19:37,R_2czLBXiahMLR62D,NA,NA,NA,NA,anonymous,EN,8,7,6,8,7,7,5,6,8,3,6,3,4,3,3,3,6,2,2,4,3,2,5,3,4,1,4,5,9,8,8,7,5,7,7,7,6,7,7,2,5,4,2,2,3,4,5,2,4,4,3,3,4,4,4,1,4,4,9,8,2,2,2,2,2,2,2,2,2,2,3,,1,1,1,18,0,,4,
05-04-21 19:49,05-04-21 19:52,0,100,176,1,05-04-21 19:52,R_1eEPOLZzGVwUCdr,NA,NA,NA,NA,anonymous,EN,8,7,5,7,7,7,5,6,7,2,5,4,2,2,2,2,5,2,4,3,3,2,4,4,3,1,3,4,8,6,8,8,5,7,7,7,6,7,7,2,5,3,2,2,2,3,3,2,4,3,3,3,4,3,3,1,3,4,8,6,2,2,2,2,2,2,2,2,2,2,3,,1,1,1,18,0,,4,
05-04-21 20:12,05-04-21 20:20,0,100,506,1,05-04-21 20:20,R_1jGLU76u3GtTxTE,NA,NA,NA,NA,anonymous,EN,9,9,9,8,8,8,7,9,8,5,6,9,5,3,2,8,6,6,7,9,9,8,9,7,6,5,9,9,9,9,9,9,9,8,9,8,7,8,9,4,5,7,5,2,2,8,6,4,5,9,9,9,9,7,6,5,5,9,9,9,2,2,2,2,2,2,2,2,2,2,1,,1,1,4,19,0,,3,
05-04-21 20:52,05-04-21 23:00,0,100,7718,1,05-04-21 23:00,R_1eFeuTCpDqNM7Lk,NA,NA,NA,NA,anonymous,EN,8,9,8,7,8,6,7,6,7,4,7,8,5,4,2,6,4,3,4,6,6,3,6,1,2,4,5,7,8,8,7,9,7,8,7,7,7,6,7,3,6,8,4,4,2,7,4,3,4,6,8,3,5,1,2,4,6,7,8,8,2,2,2,2,2,2,1,1,1,1,1,,7,5,6,18,1,,4,
06-04-21 10:09,06-04-21 10:16,0,100,429,1,06-04-21 10:16,R_2w6se4aesHfcd5l,NA,NA,NA,NA,anonymous,EN,9,9,9,9,9,9,9,9,9,6,7,9,5,3,2,9,8,5,9,9,9,9,9,8,8,8,9,9,9,9,9,9,9,9,9,9,9,9,9,5,7,9,6,3,5,8,6,6,7,9,9,9,9,9,8,7,9,9,9,9,2,2,2,2,2,2,2,1,1,1,1,,8,8,8,19,1,,4,
06-04-21 10:53,06-04-21 10:59,0,100,366,1,06-04-21 10:59,R_1F3AL3JCEuixrY0,NA,NA,NA,NA,anonymous,EN,9,8,8,7,6,6,6,8,7,3,5,5,1,2,2,6,6,2,6,8,8,6,8,7,2,2,3,7,9,9,9,8,8,6,7,6,6,8,7,4,5,5,1,2,2,5,6,2,6,7,7,7,8,6,2,2,2,7,9,9,2,2,2,2,2,2,2,2,2,2,2,,1,1,6,18,0,,3,
06-04-21 11:28,06-04-21 11:38,0,100,594,1,06-04-21 11:38,R_3JaCgfjH3TrdHJq,NA,NA,NA,NA,anonymous,EN,9,9,9,9,8,8,7,7,7,1,1,2,2,1,1,2,6,1,3,7,7,3,8,2,1,1,8,7,9,8,9,9,9,9,8,8,7,7,8,1,1,2,2,1,1,3,4,1,5,7,6,4,8,2,1,1,7,7,9,8,2,2,2,2,2,2,2,2,2,2,1,,1,3,2,19,0,,4,
05-04-21 23:04,06-04-21 11:52,0,100,46073,1,06-04-21 11:52,R_3lGCEFwrVDeYuJm,NA,NA,NA,NA,anonymous,EN,7,9,8,8,7,7,6,6,7,3,6,8,2,3,2,7,6,2,5,7,8,4,5,1,2,2,5,7,8,8,8,9,8,8,7,7,7,6,7,3,7,8,3,2,2,7,6,2,6,6,8,4,5,1,2,2,6,7,8,7,2,2,2,2,2,1,1,1,1,1,1,,6,5,7,18,1,,4,
06-04-21 11:53,06-04-21 11:57,0,100,231,1,06-04-21 11:57,R_3s01NkObGBS9FTw,NA,NA,NA,NA,anonymous,EN,9,9,9,9,8,8,7,7,7,8,7,9,8,7,4,8,7,6,6,9,9,9,7,8,6,8,7,8,9,9,9,9,9,8,8,8,7,7,7,7,7,9,7,7,5,8,8,5,7,9,9,9,8,6,7,7,7,8,9,9,2,2,2,2,2,2,2,2,2,1,1,,1,3,1,19,0,,3,
06-04-21 13:35,06-04-21 13:41,0,100,352,1,06-04-21 13:41,R_2aVIcRhCj7KK1Qd,NA,NA,NA,NA,anonymous,EN,7,7,7,6,7,7,7,7,7,7,8,8,7,7,4,6,6,4,5,7,8,7,7,6,6,6,5,7,7,7,7,7,7,7,7,7,7,7,7,6,8,8,7,8,5,6,6,5,5,7,8,8,7,6,6,8,6,7,7,7,2,2,2,2,2,2,2,2,2,2,3,,1,1,1,20,0,,3,
06-04-21 15:28,06-04-21 15:33,0,100,301,1,06-04-21 15:33,R_3HjL5e94Lt7GMKv,NA,NA,NA,NA,anonymous,EN,9,9,9,9,9,9,9,9,9,5,6,5,5,5,5,9,9,5,9,9,9,9,9,9,9,6,9,9,9,9,9,9,9,9,9,9,9,9,9,5,6,5,5,5,5,9,9,5,9,9,9,9,9,9,9,6,9,9,9,9,2,2,2,2,2,2,2,1,1,1,5,"some days a week vegan, some days a week vegetarian, some days a week omnivore",3,5,3,21,0,,4,
06-04-21 21:11,06-04-21 21:17,0,100,355,1,06-04-21 21:17,R_1NagmXFAy660gpM,NA,NA,NA,NA,anonymous,EN,9,9,8,4,7,8,4,6,7,2,4,2,1,2,1,3,4,1,3,2,8,1,6,1,1,1,1,6,7,8,9,9,8,4,7,7,3,6,7,1,4,2,1,2,1,3,2,1,3,1,8,1,6,1,1,1,1,7,8,8,2,2,2,2,2,2,2,2,2,2,1,,1,2,5,21,0,,2,
06-04-21 23:52,06-04-21 23:54,0,100,166,1,06-04-21 23:54,R_20V72ZOFLxUtP7K,NA,NA,NA,NA,anonymous,EN,7,8,3,4,3,1,2,3,5,1,3,1,2,1,2,1,1,1,4,2,5,1,3,1,1,1,1,3,1,1,5,8,3,2,2,1,1,1,1,2,2,1,2,1,2,2,1,1,1,2,2,1,1,1,1,1,2,2,1,1,2,2,2,2,2,2,1,1,1,1,1,,1,3,5,20,0,,3,
07-04-21 10:50,07-04-21 10:55,0,100,292,1,07-04-21 10:55,R_3Icx06u7FIQ30R5,NA,NA,NA,NA,anonymous,EN,9,8,9,7,7,7,5,7,7,2,6,3,2,1,1,8,6,2,4,7,9,8,8,5,4,1,4,9,9,9,9,8,9,6,7,6,5,6,7,2,5,3,2,1,1,8,6,2,3,6,9,7,8,5,3,1,5,9,9,9,2,2,2,2,2,1,1,1,1,1,1,,3,2,7,19,0,,3,no
31-03-21 18:49,31-03-21 18:49,0,7,6,0,07-04-21 18:49,R_3lxZqYWttPCEEXY,NA,NA,NA,NA,anonymous,EN,NA,NA,NA,NA,NA,NA,NA,NA,NA,NA,NA,NA,NA,NA,NA,NA,NA,NA,NA,NA,NA,NA,NA,NA,NA,NA,NA,NA,NA,NA,NA,NA,NA,NA,NA,NA,NA,NA,NA,NA,NA,NA,NA,NA,NA,NA,NA,NA,NA,NA,NA,NA,NA,NA,NA,NA,NA,NA,NA,NA,NA,NA,NA,NA,NA,NA,NA,NA,NA,NA,NA,,NA,NA,NA,NA,NA,,NA,
08-04-21 11:23,08-04-21 11:29,0,100,323,1,08-04-21 11:29,R_2rioZnqtB5qjfko,NA,NA,NA,NA,anonymous,EN,8,8,8,6,7,7,6,6,6,4,5,8,3,4,3,5,4,3,6,6,6,6,7,4,5,4,5,6,7,7,7,7,7,6,7,7,7,6,6,3,5,8,3,3,2,5,4,3,6,6,6,6,7,4,6,4,6,6,7,7,2,2,2,2,2,2,2,2,2,2,2,,1,2,3,NA,0,,4,
08-04-21 13:03,08-04-21 13:19,0,100,991,1,08-04-21 13:19,R_22KVBHd2kcsS0u4,NA,NA,NA,NA,anonymous,EN,8,9,9,8,7,7,6,7,8,2,5,5,2,2,2,4,7,2,3,7,8,4,7,3,2,2,3,8,8,9,8,9,9,8,8,7,6,8,8,2,5,5,2,2,2,5,7,2,3,7,8,4,6,4,2,2,4,8,9,9,2,2,2,2,2,2,2,2,2,2,2,,1,2,4,20,0,,2,
08-04-21 13:38,08-04-21 13:44,0,100,321,1,08-04-21 13:44,R_3HANBDVSrUaWWBU,NA,NA,NA,NA,anonymous,EN,9,6,7,1,7,9,6,1,5,3,1,1,1,1,1,4,1,1,6,2,6,3,4,1,1,1,1,7,9,7,9,7,7,1,7,9,7,2,6,3,1,1,1,1,1,4,1,1,7,2,6,3,1,1,1,1,1,7,9,8,2,2,2,2,1,1,1,1,1,1,1,,2,6,6,NA,0,,3,
08-04-21 13:47,08-04-21 13:52,0,100,291,1,08-04-21 13:52,R_ZdT7hkmu9MBNPvr,NA,NA,NA,NA,anonymous,EN,8,7,6,6,7,2,6,4,4,5,4,3,4,2,3,4,3,3,3,6,7,7,6,5,2,3,3,6,6,6,8,7,6,6,7,3,7,7,5,6,6,2,3,2,3,6,4,3,3,6,6,7,6,3,2,3,3,7,6,6,1,2,2,2,2,2,2,2,2,2,1,,7,6,7,19,0,,2,no
08-04-21 15:14,08-04-21 15:18,0,100,265,1,08-04-21 15:18,R_2D6czVY5tlsHS3h,NA,NA,NA,NA,anonymous,EN,9,9,9,8,8,8,7,8,8,3,5,6,2,2,2,8,4,3,6,9,9,9,9,8,5,3,5,9,9,9,9,9,9,8,8,7,7,8,8,4,5,5,3,2,2,8,3,3,6,9,9,9,9,7,5,3,5,9,9,9,2,2,2,2,2,2,2,2,2,2,1,,1,1,4,19,0,,3,
08-04-21 16:21,08-04-21 16:29,0,100,467,1,08-04-21 16:29,R_szHNuR7JdqPfg89,NA,NA,NA,NA,anonymous,EN,8,8,8,8,8,7,8,7,8,8,6,8,2,1,1,6,5,2,3,8,8,8,8,1,6,6,5,8,8,8,8,8,8,8,8,8,8,7,8,2,6,8,2,2,1,5,5,2,5,8,8,8,8,1,2,8,4,8,8,8,2,2,2,2,2,2,2,1,1,1,1,,2,3,5,18,0,,5,no.
08-04-21 19:06,08-04-21 19:14,0,100,433,1,08-04-21 19:14,R_2QojBrZjArMB2Fj,NA,NA,NA,NA,anonymous,EN,9,9,9,8,7,8,7,9,9,3,7,5,3,2,3,5,6,3,6,8,8,5,7,3,5,3,5,9,8,9,9,9,9,7,8,8,8,8,9,3,4,3,3,2,3,5,5,3,7,8,8,5,8,5,3,3,5,9,8,9,2,2,2,2,2,2,1,1,1,1,1,,4,5,7,18,0,,4,
08-04-21 22:13,08-04-21 22:17,0,100,222,1,08-04-21 22:17,R_Zelmum5YQmzVx17,NA,NA,NA,NA,anonymous,EN,5,7,5,6,5,5,5,5,5,7,6,7,5,7,7,5,5,1,7,5,5,6,5,6,5,6,4,5,5,7,8,5,6,7,5,5,5,6,6,4,7,5,5,5,3,4,5,5,7,6,5,6,5,3,5,6,6,5,6,5,2,2,2,2,2,2,2,2,1,1,1,,6,6,6,19,0,,1,
02-04-21 11:01,02-04-21 11:02,0,7,15,0,09-04-21 11:02,R_1cUDWHQ0jW8OP3A,NA,NA,NA,NA,anonymous,EN,NA,NA,NA,NA,NA,NA,NA,NA,NA,NA,NA,NA,NA,NA,NA,NA,NA,NA,NA,NA,NA,NA,NA,NA,NA,NA,NA,NA,NA,NA,NA,NA,NA,NA,NA,NA,NA,NA,NA,NA,NA,NA,NA,NA,NA,NA,NA,NA,NA,NA,NA,NA,NA,NA,NA,NA,NA,NA,NA,NA,NA,NA,NA,NA,NA,NA,NA,NA,NA,NA,NA,,NA,NA,NA,NA,NA,,NA,
09-04-21 11:22,09-04-21 11:26,0,100,238,1,09-04-21 11:26,R_20ManKS5SiRcHtj,NA,NA,NA,NA,anonymous,EN,8,7,6,6,5,5,5,6,5,4,4,3,3,3,3,8,4,3,3,7,8,7,8,7,3,3,5,7,6,8,8,7,6,7,5,5,4,6,5,4,4,4,3,3,3,7,4,3,3,7,8,8,8,6,4,3,4,8,7,8,2,2,2,2,2,2,1,1,1,1,1,,1,2,5,19,0,,4,
09-04-21 13:55,09-04-21 13:59,0,100,203,1,09-04-21 13:59,R_26nDTSfaAwWWW8U,NA,NA,NA,NA,anonymous,EN,9,9,9,9,9,9,9,9,9,2,9,9,7,7,2,9,9,9,3,9,9,9,9,9,5,7,9,9,9,9,9,9,9,9,9,9,9,9,9,2,9,9,7,7,2,9,9,9,3,9,9,9,9,9,5,7,9,9,9,9,2,2,2,2,2,2,2,2,2,2,1,,1,3,3,21,0,,4,
03-04-21 10:52,03-04-21 10:53,0,7,12,0,10-04-21 10:53,R_1mDGM88RHzyJ8hH,NA,NA,NA,NA,anonymous,EN,NA,NA,NA,NA,NA,NA,NA,NA,NA,NA,NA,NA,NA,NA,NA,NA,NA,NA,NA,NA,NA,NA,NA,NA,NA,NA,NA,NA,NA,NA,NA,NA,NA,NA,NA,NA,NA,NA,NA,NA,NA,NA,NA,NA,NA,NA,NA,NA,NA,NA,NA,NA,NA,NA,NA,NA,NA,NA,NA,NA,NA,NA,NA,NA,NA,NA,NA,NA,NA,NA,NA,,NA,NA,NA,NA,NA,,NA,
03-04-21 13:28,03-04-21 13:32,0,7,217,0,10-04-21 13:32,R_puVfk2oGtLsFmWR,NA,NA,NA,NA,anonymous,EN,NA,NA,NA,NA,NA,NA,NA,NA,NA,NA,NA,NA,NA,NA,NA,NA,NA,NA,NA,NA,NA,NA,NA,NA,NA,NA,NA,NA,NA,NA,NA,NA,NA,NA,NA,NA,NA,NA,NA,NA,NA,NA,NA,NA,NA,NA,NA,NA,NA,NA,NA,NA,NA,NA,NA,NA,NA,NA,NA,NA,NA,NA,NA,NA,NA,NA,NA,NA,NA,NA,NA,,NA,NA,NA,NA,NA,,NA,
11-04-21 10:34,11-04-21 10:48,0,100,818,1,11-04-21 10:48,R_1FA60oaZ0Mqyzea,NA,NA,NA,NA,anonymous,EN,8,5,7,7,7,8,5,6,5,6,6,4,3,4,4,6,4,4,5,7,5,6,6,6,5,3,4,8,7,8,5,5,8,5,7,5,4,5,6,8,7,4,4,4,2,6,4,5,5,4,6,7,7,6,5,4,3,7,7,8,2,2,2,2,2,2,2,2,2,2,3,,3,4,3,19,0,,4,
04-04-21 19:51,04-04-21 19:52,0,7,13,0,11-04-21 19:52,R_22t45VkWY5AI5MC,NA,NA,NA,NA,anonymous,EN,NA,NA,NA,NA,NA,NA,NA,NA,NA,NA,NA,NA,NA,NA,NA,NA,NA,NA,NA,NA,NA,NA,NA,NA,NA,NA,NA,NA,NA,NA,NA,NA,NA,NA,NA,NA,NA,NA,NA,NA,NA,NA,NA,NA,NA,NA,NA,NA,NA,NA,NA,NA,NA,NA,NA,NA,NA,NA,NA,NA,NA,NA,NA,NA,NA,NA,NA,NA,NA,NA,NA,,NA,NA,NA,NA,NA,,NA,
11-04-21 20:11,11-04-21 20:21,0,100,559,1,11-04-21 20:21,R_w041L4zjVez40yB,NA,NA,NA,NA,anonymous,EN,3,9,3,3,3,3,2,3,3,2,2,4,2,2,2,3,2,2,2,3,3,3,2,3,2,2,2,3,3,3,3,9,3,3,3,3,3,3,3,3,3,4,2,2,2,3,2,2,2,3,3,3,3,3,2,2,3,3,3,3,2,2,2,2,2,2,2,2,2,2,1,,3,7,7,NA,1,,4,
12-04-21 10:08,12-04-21 10:17,0,100,569,1,12-04-21 10:17,R_9BR3ALdPVAdOJ0Z,NA,NA,NA,NA,anonymous,EN,9,9,9,5,8,8,7,8,8,2,3,7,1,1,1,6,8,1,9,8,8,3,9,6,5,1,6,3,6,8,9,9,9,5,8,8,4,8,8,1,4,6,1,1,1,6,8,1,9,7,8,3,9,6,5,1,6,3,6,8,2,2,2,2,2,1,1,1,1,1,1,,1,8,6,20,0,,5,
12-04-21 10:18,12-04-21 10:25,0,100,387,1,12-04-21 10:25,R_2BrkZVdPIu0TQMK,NA,NA,NA,NA,anonymous,EN,8,8,8,8,8,8,8,8,8,5,5,9,2,1,1,7,7,2,6,6,8,8,8,7,4,3,4,8,8,8,8,8,8,8,8,8,8,8,8,3,7,9,3,1,1,7,6,2,7,7,8,8,8,7,4,2,7,9,8,9,2,2,2,2,2,2,2,2,2,2,1,,4,4,4,20,0,,4,
12-04-21 10:50,12-04-21 10:56,0,100,393,1,12-04-21 10:56,R_2fuJejHNsyPMmB5,NA,NA,NA,NA,anonymous,EN,8,9,9,8,7,6,6,7,7,4,4,5,3,3,3,6,6,3,5,7,6,5,6,6,4,2,5,6,7,7,8,9,9,8,7,7,7,7,7,4,4,3,3,3,3,5,5,3,6,7,6,6,6,5,4,2,5,6,6,7,2,2,2,2,2,2,2,2,2,2,3,,1,1,2,18,0,,3,
12-04-21 11:31,12-04-21 11:40,0,100,488,1,12-04-21 11:40,R_1IEkJpBdXl5f6yk,NA,NA,NA,NA,anonymous,EN,9,7,9,8,7,7,5,7,6,4,5,5,1,3,4,5,6,3,5,7,8,1,2,4,1,5,3,6,7,8,9,7,9,8,6,7,7,7,7,3,5,5,1,3,4,6,6,3,7,7,6,2,2,4,1,4,4,7,7,7,2,2,2,2,2,2,2,2,1,1,1,,4,4,7,19,0,,2,
12-04-21 16:11,12-04-21 16:12,0,100,82,1,12-04-21 16:12,R_1hzlqFLZYJs6Tfs,NA,NA,NA,NA,anonymous,EN,4,5,5,5,5,5,5,3,5,4,5,4,5,5,4,5,4,5,5,5,5,5,5,4,5,5,4,4,5,5,5,5,5,5,5,4,4,5,4,5,5,5,5,4,5,5,6,5,4,5,5,4,5,5,4,5,5,5,4,4,2,2,2,2,2,2,2,2,1,1,1,,3,4,4,20,0,,3,
05-04-21 16:57,05-04-21 16:57,0,7,7,0,12-04-21 16:57,R_1gHFjvwj70Q9ost,NA,NA,NA,NA,anonymous,EN,NA,NA,NA,NA,NA,NA,NA,NA,NA,NA,NA,NA,NA,NA,NA,NA,NA,NA,NA,NA,NA,NA,NA,NA,NA,NA,NA,NA,NA,NA,NA,NA,NA,NA,NA,NA,NA,NA,NA,NA,NA,NA,NA,NA,NA,NA,NA,NA,NA,NA,NA,NA,NA,NA,NA,NA,NA,NA,NA,NA,NA,NA,NA,NA,NA,NA,NA,NA,NA,NA,NA,,NA,NA,NA,NA,NA,,NA,
05-04-21 18:11,05-04-21 18:12,0,7,18,0,12-04-21 18:12,R_1H5mdn7tLHlijlN,NA,NA,NA,NA,anonymous,EN,NA,NA,NA,NA,NA,NA,NA,NA,NA,NA,NA,NA,NA,NA,NA,NA,NA,NA,NA,NA,NA,NA,NA,NA,NA,NA,NA,NA,NA,NA,NA,NA,NA,NA,NA,NA,NA,NA,NA,NA,NA,NA,NA,NA,NA,NA,NA,NA,NA,NA,NA,NA,NA,NA,NA,NA,NA,NA,NA,NA,NA,NA,NA,NA,NA,NA,NA,NA,NA,NA,NA,,NA,NA,NA,NA,NA,,NA,
05-04-21 20:30,05-04-21 20:30,0,7,3,0,12-04-21 20:30,R_1lbCDkdcuijd6pS,NA,NA,NA,NA,anonymous,EN,NA,NA,NA,NA,NA,NA,NA,NA,NA,NA,NA,NA,NA,NA,NA,NA,NA,NA,NA,NA,NA,NA,NA,NA,NA,NA,NA,NA,NA,NA,NA,NA,NA,NA,NA,NA,NA,NA,NA,NA,NA,NA,NA,NA,NA,NA,NA,NA,NA,NA,NA,NA,NA,NA,NA,NA,NA,NA,NA,NA,NA,NA,NA,NA,NA,NA,NA,NA,NA,NA,NA,,NA,NA,NA,NA,NA,,NA,
06-04-21 07:49,06-04-21 08:49,0,7,3618,0,13-04-21 08:49,R_OJqQL4kfqabEwIp,NA,NA,NA,NA,anonymous,EN,NA,NA,NA,NA,NA,NA,NA,NA,NA,NA,NA,NA,NA,NA,NA,NA,NA,NA,NA,NA,NA,NA,NA,NA,NA,NA,NA,NA,NA,NA,NA,NA,NA,NA,NA,NA,NA,NA,NA,NA,NA,NA,NA,NA,NA,NA,NA,NA,NA,NA,NA,NA,NA,NA,NA,NA,NA,NA,NA,NA,NA,NA,NA,NA,NA,NA,NA,NA,NA,NA,NA,,NA,NA,NA,NA,NA,,NA,
06-04-21 11:02,06-04-21 11:02,0,7,3,0,13-04-21 11:02,R_1ON6RDrPJIY4iDK,NA,NA,NA,NA,anonymous,EN,NA,NA,NA,NA,NA,NA,NA,NA,NA,NA,NA,NA,NA,NA,NA,NA,NA,NA,NA,NA,NA,NA,NA,NA,NA,NA,NA,NA,NA,NA,NA,NA,NA,NA,NA,NA,NA,NA,NA,NA,NA,NA,NA,NA,NA,NA,NA,NA,NA,NA,NA,NA,NA,NA,NA,NA,NA,NA,NA,NA,NA,NA,NA,NA,NA,NA,NA,NA,NA,NA,NA,,NA,NA,NA,NA,NA,,NA,
13-04-21 11:30,13-04-21 11:34,0,100,276,1,13-04-21 11:34,R_10paqQ4yujebioN,NA,NA,NA,NA,anonymous,EN,9,9,7,9,9,9,9,9,9,7,7,9,7,7,3,9,9,7,9,9,9,9,9,8,6,6,7,9,9,9,9,9,8,9,9,9,9,9,9,7,8,9,7,8,4,9,9,8,9,9,9,9,9,8,6,6,7,9,9,9,2,2,2,2,2,2,2,2,2,2,3,,1,1,1,22,1,,4,
13-04-21 11:37,13-04-21 11:46,0,100,555,1,13-04-21 11:46,R_2S7GFvGnf334uf8,NA,NA,NA,NA,anonymous,EN,8,9,8,4,5,5,2,5,6,1,1,3,1,1,1,4,1,1,2,7,7,8,7,3,1,2,3,8,8,9,9,9,7,4,4,3,2,4,3,1,1,1,1,1,1,4,2,1,2,6,7,8,7,2,1,2,1,8,8,9,2,2,2,1,1,1,1,1,1,1,1,,6,8,7,19,1,,4,No it is all clear
13-04-21 11:48,13-04-21 11:57,0,100,541,1,13-04-21 11:57,R_3Gl9glERsJqgeNc,NA,NA,NA,NA,anonymous,EN,9,8,8,7,4,5,3,6,7,2,5,3,3,1,2,5,2,1,3,3,7,7,8,3,3,2,2,8,8,8,9,8,7,6,4,5,4,6,7,2,2,2,2,1,1,4,2,1,3,4,6,8,8,2,2,1,1,8,8,8,2,2,2,2,2,2,2,2,1,1,1,,3,7,7,19,0,,2,
13-04-21 13:05,13-04-21 13:12,0,100,423,1,13-04-21 13:12,R_3CQxASvczp3rbX7,NA,NA,NA,NA,anonymous,EN,9,9,1,6,1,1,1,1,1,1,1,1,1,1,1,1,1,1,1,1,1,8,9,1,1,1,1,9,1,5,9,9,1,6,1,1,1,1,1,1,1,1,1,1,1,1,1,1,1,1,1,9,9,1,1,1,1,9,1,1,1,1,1,1,1,1,1,1,1,1,1,,1,7,7,20,1,,5,I hate vegetarians and vegans
13-04-21 13:15,13-04-21 13:26,0,100,614,1,13-04-21 13:26,R_1Nws1LUhVpavwzP,NA,NA,NA,NA,anonymous,EN,3,3,3,3,2,2,2,3,3,2,2,3,1,2,1,3,3,3,1,3,3,3,3,3,2,1,3,3,3,4,2,2,2,2,2,2,2,2,2,1,2,2,1,2,1,3,2,2,1,3,2,2,2,2,1,1,2,3,2,3,2,2,2,2,2,2,2,2,2,2,1,,1,7,7,27,1,,2,
06-04-21 13:42,06-04-21 13:42,0,7,15,0,13-04-21 13:42,R_3kjqBijQYVSFRUx,NA,NA,NA,NA,anonymous,EN,NA,NA,NA,NA,NA,NA,NA,NA,NA,NA,NA,NA,NA,NA,NA,NA,NA,NA,NA,NA,NA,NA,NA,NA,NA,NA,NA,NA,NA,NA,NA,NA,NA,NA,NA,NA,NA,NA,NA,NA,NA,NA,NA,NA,NA,NA,NA,NA,NA,NA,NA,NA,NA,NA,NA,NA,NA,NA,NA,NA,NA,NA,NA,NA,NA,NA,NA,NA,NA,NA,NA,,NA,NA,NA,NA,NA,,NA,
13-04-21 14:14,13-04-21 14:16,0,100,169,1,13-04-21 14:17,R_2z776budj405ICX,NA,NA,NA,NA,anonymous,EN,1,1,1,2,6,5,8,5,7,7,5,1,1,1,1,1,1,1,1,1,1,1,1,1,1,1,1,1,1,1,9,9,8,2,9,NA,9,8,8,8,2,9,9,9,9,3,9,9,8,9,9,8,9,9,9,9,9,8,8,9,2,2,2,2,2,2,2,1,1,1,1,,3,3,3,20,0,,3,
13-04-21 16:34,13-04-21 16:41,0,100,367,1,13-04-21 16:41,R_279J0Dn3cS27Iqr,NA,NA,NA,NA,anonymous,EN,9,7,7,9,5,5,3,3,3,2,2,2,2,2,4,5,6,1,1,6,9,7,9,2,1,2,2,9,9,9,9,7,7,9,5,2,1,5,4,1,2,2,2,3,2,7,6,1,1,4,9,6,9,2,1,1,2,9,9,9,2,2,2,2,2,2,2,2,2,2,3,,1,1,1,20,0,,3,
13-04-21 16:32,13-04-21 16:45,0,100,730,1,13-04-21 16:45,R_2BnyXnRZwOx64AO,NA,NA,NA,NA,anonymous,EN,9,8,8,8,8,7,6,7,7,4,5,5,2,2,2,7,4,3,8,7,7,5,7,5,4,2,5,8,8,7,9,8,7,7,7,6,6,6,7,3,6,5,2,2,2,5,5,2,7,6,7,5,7,5,5,2,4,7,8,7,2,2,2,2,2,2,2,1,1,1,1,,2,3,5,19,0,,2,
13-04-21 16:53,13-04-21 16:57,0,100,276,1,13-04-21 16:57,R_21tC3a8ybDAdhFf,NA,NA,NA,NA,anonymous,EN,7,8,5,5,2,1,2,5,6,4,2,2,1,4,1,1,4,1,6,4,5,5,6,1,2,2,3,4,8,7,7,8,4,4,2,1,1,4,5,1,1,2,1,1,1,1,3,1,6,5,5,5,5,1,2,2,2,6,7,6,2,2,2,2,2,2,2,2,2,2,1,,3,4,6,23,1,,3,
06-04-21 17:59,06-04-21 18:00,0,7,18,0,13-04-21 18:00,R_1hJQ01zFpbPfNak,NA,NA,NA,NA,anonymous,EN,NA,NA,NA,NA,NA,NA,NA,NA,NA,NA,NA,NA,NA,NA,NA,NA,NA,NA,NA,NA,NA,NA,NA,NA,NA,NA,NA,NA,NA,NA,NA,NA,NA,NA,NA,NA,NA,NA,NA,NA,NA,NA,NA,NA,NA,NA,NA,NA,NA,NA,NA,NA,NA,NA,NA,NA,NA,NA,NA,NA,NA,NA,NA,NA,NA,NA,NA,NA,NA,NA,NA,,NA,NA,NA,NA,NA,,NA,
13-04-21 14:23,13-04-21 18:03,0,100,13198,1,13-04-21 18:03,R_eJ8N7hxiv0MKcsF,NA,NA,NA,NA,anonymous,EN,NA,NA,NA,NA,NA,NA,NA,NA,NA,5,NA,NA,NA,NA,NA,NA,NA,NA,NA,NA,NA,NA,NA,NA,NA,NA,5,NA,NA,NA,NA,NA,NA,NA,7,NA,NA,4,6,NA,NA,NA,NA,NA,6,7,NA,NA,NA,NA,NA,4,NA,6,NA,NA,4,NA,NA,NA,NA,NA,NA,NA,NA,NA,NA,NA,NA,NA,NA,,NA,NA,NA,NA,NA,,NA,
06-04-21 18:43,06-04-21 19:00,0,7,1013,0,13-04-21 19:00,R_qQ01YPsLLg69dER,NA,NA,NA,NA,anonymous,EN,NA,NA,NA,NA,NA,NA,NA,NA,NA,NA,NA,NA,NA,NA,NA,NA,NA,NA,NA,NA,NA,NA,NA,NA,NA,NA,NA,NA,NA,NA,NA,NA,NA,NA,NA,NA,NA,NA,NA,NA,NA,NA,NA,NA,NA,NA,NA,NA,NA,NA,NA,NA,NA,NA,NA,NA,NA,NA,NA,NA,NA,NA,NA,NA,NA,NA,NA,NA,NA,NA,NA,,NA,NA,NA,NA,NA,,NA,
06-04-21 15:56,06-04-21 19:55,0,7,14323,0,13-04-21 19:55,R_2zeFDlo0fgXyBHn,NA,NA,NA,NA,anonymous,EN,NA,NA,NA,NA,NA,NA,NA,NA,NA,NA,NA,NA,NA,NA,NA,NA,NA,NA,NA,NA,NA,NA,NA,NA,NA,NA,NA,NA,NA,NA,NA,NA,NA,NA,NA,NA,NA,NA,NA,NA,NA,NA,NA,NA,NA,NA,NA,NA,NA,NA,NA,NA,NA,NA,NA,NA,NA,NA,NA,NA,NA,NA,NA,NA,NA,NA,NA,NA,NA,NA,NA,,NA,NA,NA,NA,NA,,NA,
13-04-21 19:32,13-04-21 21:16,0,100,6257,1,13-04-21 21:16,R_u2s3uLGPyVIos8N,NA,NA,NA,NA,anonymous,EN,NA,NA,NA,NA,NA,NA,NA,NA,NA,NA,NA,NA,NA,NA,NA,NA,NA,NA,NA,NA,NA,NA,NA,NA,NA,NA,NA,NA,NA,NA,NA,NA,NA,NA,NA,NA,NA,NA,NA,NA,NA,NA,NA,NA,NA,NA,NA,NA,NA,NA,NA,NA,NA,NA,NA,NA,NA,NA,NA,NA,NA,NA,NA,NA,NA,NA,NA,NA,NA,NA,NA,,NA,NA,NA,NA,NA,,NA,
07-04-21 01:11,07-04-21 01:11,0,7,6,0,14-04-21 01:11,R_3DbAoXvMwzCOtnM,NA,NA,NA,NA,anonymous,EN,NA,NA,NA,NA,NA,NA,NA,NA,NA,NA,NA,NA,NA,NA,NA,NA,NA,NA,NA,NA,NA,NA,NA,NA,NA,NA,NA,NA,NA,NA,NA,NA,NA,NA,NA,NA,NA,NA,NA,NA,NA,NA,NA,NA,NA,NA,NA,NA,NA,NA,NA,NA,NA,NA,NA,NA,NA,NA,NA,NA,NA,NA,NA,NA,NA,NA,NA,NA,NA,NA,NA,,NA,NA,NA,NA,NA,,NA,
08-04-21 13:51,14-04-21 09:38,0,100,503188,1,14-04-21 09:38,R_331sMhXqxnz7MPZ,NA,NA,NA,NA,anonymous,EN,9,9,9,9,7,7,7,7,7,5,5,5,3,4,2,4,6,2,5,7,8,2,5,2,3,2,6,8,9,9,9,9,9,9,7,7,7,7,7,5,5,6,3,3,2,4,6,2,4,7,8,2,5,2,4,2,5,8,9,9,2,2,2,2,2,1,1,1,1,1,1,,4,4,6,19,0,,3,
14-04-21 12:39,14-04-21 13:51,0,100,4361,1,14-04-21 13:51,R_3KZaQe3CBesGqVK,NA,NA,NA,NA,anonymous,EN,8,7,6,8,4,6,5,6,7,3,5,3,2,NA,2,3,5,3,7,6,7,6,7,3,2,3,3,8,8,7,8,7,8,8,7,6,5,6,8,4,3,2,2,4,2,5,5,2,5,5,7,4,5,4,2,2,2,7,8,8,2,2,2,2,2,2,2,2,2,2,4,,1,1,2,22,0,,1,
14-04-21 15:06,14-04-21 15:15,0,100,562,1,14-04-21 15:15,R_RgjwRRdx4VXHrdD,NA,NA,NA,NA,anonymous,EN,8,8,8,6,7,7,6,8,7,4,4,7,1,2,2,7,4,2,4,8,8,7,8,6,4,4,6,8,7,8,8,8,8,7,7,7,6,8,7,3,4,7,2,2,2,7,3,3,5,8,8,7,8,5,4,4,6,7,7,8,2,2,2,2,2,2,2,2,2,2,1,,1,6,4,18,0,,4,
14-04-21 15:17,14-04-21 15:20,0,100,192,1,14-04-21 15:20,R_3fefNDj7nRWZrlD,NA,NA,NA,NA,anonymous,EN,8,8,8,7,8,6,4,8,8,3,2,7,1,2,2,7,3,1,4,8,8,7,8,4,4,5,4,8,8,8,8,8,8,6,8,6,5,8,7,2,2,7,1,2,1,7,3,1,4,8,8,8,8,5,4,4,6,7,8,8,2,2,2,2,2,2,2,2,1,1,1,,1,7,5,18,0,,4,
14-04-21 18:17,14-04-21 18:23,0,100,369,1,14-04-21 18:23,R_1qZZHGE91706WKZ,NA,NA,NA,NA,anonymous,EN,9,9,9,9,9,9,9,9,9,3,3,9,3,7,3,9,9,3,6,9,9,9,9,3,1,7,1,9,9,9,9,9,9,9,9,9,9,9,9,3,4,9,3,7,3,9,9,2,4,9,9,9,9,3,2,7,2,9,9,9,2,2,2,2,2,2,2,2,2,2,2,,1,2,2,21,0,,4,
15-04-21 10:10,15-04-21 10:15,0,100,277,1,15-04-21 10:15,R_3EWNnVWtaSmpmGh,NA,NA,NA,NA,anonymous,EN,8,7,6,6,5,5,5,5,5,4,4,7,4,4,4,4,5,4,5,5,6,4,5,2,2,2,6,5,7,7,9,8,7,6,5,4,5,7,6,3,4,8,3,1,3,3,5,4,5,6,4,5,5,3,1,3,6,6,8,8,2,2,2,2,2,2,1,1,1,1,1,,1,1,6,19,0,,3,
08-04-21 11:23,08-04-21 11:23,0,7,2,0,15-04-21 11:23,R_3CCqaGnYKnqPsBk,NA,NA,NA,NA,anonymous,EN,NA,NA,NA,NA,NA,NA,NA,NA,NA,NA,NA,NA,NA,NA,NA,NA,NA,NA,NA,NA,NA,NA,NA,NA,NA,NA,NA,NA,NA,NA,NA,NA,NA,NA,NA,NA,NA,NA,NA,NA,NA,NA,NA,NA,NA,NA,NA,NA,NA,NA,NA,NA,NA,NA,NA,NA,NA,NA,NA,NA,NA,NA,NA,NA,NA,NA,NA,NA,NA,NA,NA,,NA,NA,NA,NA,NA,,NA,
08-04-21 12:00,08-04-21 12:01,0,7,18,0,15-04-21 12:01,R_10qq9NWuwNH78bG,NA,NA,NA,NA,anonymous,EN,NA,NA,NA,NA,NA,NA,NA,NA,NA,NA,NA,NA,NA,NA,NA,NA,NA,NA,NA,NA,NA,NA,NA,NA,NA,NA,NA,NA,NA,NA,NA,NA,NA,NA,NA,NA,NA,NA,NA,NA,NA,NA,NA,NA,NA,NA,NA,NA,NA,NA,NA,NA,NA,NA,NA,NA,NA,NA,NA,NA,NA,NA,NA,NA,NA,NA,NA,NA,NA,NA,NA,,NA,NA,NA,NA,NA,,NA,
15-04-21 13:29,15-04-21 13:42,0,100,812,1,15-04-21 13:42,R_wZDewN2UQYBjDaN,NA,NA,NA,NA,anonymous,EN,9,7,7,6,5,4,4,4,6,3,4,5,4,5,5,3,6,3,4,4,6,3,4,2,4,5,5,6,8,8,9,8,7,6,5,5,5,6,5,3,4,4,4,3,3,3,5,3,4,3,7,4,5,2,3,3,5,7,8,8,2,2,2,2,2,2,2,2,2,2,1,,4,5,7,19,0,,4,
08-04-21 13:53,08-04-21 13:57,0,7,222,0,15-04-21 13:57,R_1QuXtMfIM51zmRV,NA,NA,NA,NA,anonymous,EN,NA,NA,NA,NA,NA,NA,NA,NA,NA,NA,NA,NA,NA,NA,NA,NA,NA,NA,NA,NA,NA,NA,NA,NA,NA,NA,NA,NA,NA,NA,NA,NA,NA,NA,NA,NA,NA,NA,NA,NA,NA,NA,NA,NA,NA,NA,NA,NA,NA,NA,NA,NA,NA,NA,NA,NA,NA,NA,NA,NA,NA,NA,NA,NA,NA,NA,NA,NA,NA,NA,NA,,NA,NA,NA,NA,NA,,NA,
08-04-21 19:50,08-04-21 19:50,0,7,8,0,15-04-21 19:51,R_3a6myVOjRaDE1nH,NA,NA,NA,NA,anonymous,EN,NA,NA,NA,NA,NA,NA,NA,NA,NA,NA,NA,NA,NA,NA,NA,NA,NA,NA,NA,NA,NA,NA,NA,NA,NA,NA,NA,NA,NA,NA,NA,NA,NA,NA,NA,NA,NA,NA,NA,NA,NA,NA,NA,NA,NA,NA,NA,NA,NA,NA,NA,NA,NA,NA,NA,NA,NA,NA,NA,NA,NA,NA,NA,NA,NA,NA,NA,NA,NA,NA,NA,,NA,NA,NA,NA,NA,,NA,
15-04-21 20:40,15-04-21 20:45,0,100,298,1,15-04-21 20:45,R_3NWnbd9R1STtKjv,NA,NA,NA,NA,anonymous,EN,8,4,8,5,6,8,4,6,6,2,3,4,1,1,2,5,3,2,4,5,8,6,6,4,3,1,3,8,7,8,8,4,8,5,6,7,4,6,6,2,2,4,1,1,1,5,3,2,3,4,8,6,6,4,3,1,3,8,7,8,2,2,2,2,2,1,1,1,1,1,1,,3,4,5,21,0,,2,
09-04-21 11:45,09-04-21 11:45,0,7,20,0,16-04-21 11:45,R_25tL8Y9THpEYnRf,NA,NA,NA,NA,anonymous,EN,NA,NA,NA,NA,NA,NA,NA,NA,NA,NA,NA,NA,NA,NA,NA,NA,NA,NA,NA,NA,NA,NA,NA,NA,NA,NA,NA,NA,NA,NA,NA,NA,NA,NA,NA,NA,NA,NA,NA,NA,NA,NA,NA,NA,NA,NA,NA,NA,NA,NA,NA,NA,NA,NA,NA,NA,NA,NA,NA,NA,NA,NA,NA,NA,NA,NA,NA,NA,NA,NA,NA,,NA,NA,NA,NA,NA,,NA,
09-04-21 13:03,09-04-21 13:03,0,7,24,0,16-04-21 13:03,R_516fUfMHsa3gj4Z,NA,NA,NA,NA,anonymous,EN,NA,NA,NA,NA,NA,NA,NA,NA,NA,NA,NA,NA,NA,NA,NA,NA,NA,NA,NA,NA,NA,NA,NA,NA,NA,NA,NA,NA,NA,NA,NA,NA,NA,NA,NA,NA,NA,NA,NA,NA,NA,NA,NA,NA,NA,NA,NA,NA,NA,NA,NA,NA,NA,NA,NA,NA,NA,NA,NA,NA,NA,NA,NA,NA,NA,NA,NA,NA,NA,NA,NA,,NA,NA,NA,NA,NA,,NA,
16-04-21 13:03,16-04-21 13:16,0,100,762,1,16-04-21 13:16,R_2fAS4mB1oiSNAMB,NA,NA,NA,NA,anonymous,EN,8,7,4,7,6,6,6,7,7,5,4,7,3,4,2,6,6,2,7,5,5,5,7,4,3,2,3,6,7,8,8,6,6,7,7,7,6,7,7,4,4,7,3,3,2,6,5,3,7,4,6,5,7,4,4,2,2,7,6,8,2,2,2,2,2,2,2,1,1,1,1,,1,1,6,18,0,,3,
10-04-21 16:13,10-04-21 16:13,0,7,13,0,17-04-21 16:13,R_1eWYtRr8VlbLO1z,NA,NA,NA,NA,anonymous,EN,NA,NA,NA,NA,NA,NA,NA,NA,NA,NA,NA,NA,NA,NA,NA,NA,NA,NA,NA,NA,NA,NA,NA,NA,NA,NA,NA,NA,NA,NA,NA,NA,NA,NA,NA,NA,NA,NA,NA,NA,NA,NA,NA,NA,NA,NA,NA,NA,NA,NA,NA,NA,NA,NA,NA,NA,NA,NA,NA,NA,NA,NA,NA,NA,NA,NA,NA,NA,NA,NA,NA,,NA,NA,NA,NA,NA,,NA,
18-04-21 18:39,18-04-21 21:19,0,100,9600,1,18-04-21 21:19,R_3I6jZ4rfEytWrXA,NA,NA,NA,NA,anonymous,EN,9,5,8,6,7,7,7,5,6,7,6,6,1,5,3,7,3,2,6,4,8,5,7,7,3,3,4,9,8,9,9,4,9,6,8,7,6,5,5,7,6,6,1,5,3,7,4,2,6,5,8,5,5,8,2,2,4,8,7,9,2,2,2,2,2,2,2,2,2,2,3,,4,1,4,19,0,,3,
19-04-21 08:54,19-04-21 08:58,0,100,195,1,19-04-21 08:58,R_1IcuAfMJW1bUD8l,NA,NA,NA,NA,anonymous,EN,9,7,7,6,7,7,6,6,7,7,7,7,6,7,5,6,5,5,5,7,7,6,7,4,3,6,5,8,8,8,9,8,7,6,7,7,6,7,7,7,7,8,6,7,5,6,6,5,5,7,8,7,7,4,4,5,5,7,8,8,2,2,2,2,2,2,2,2,2,1,1,,2,4,5,18,0,,3,
19-04-21 09:19,19-04-21 09:33,0,100,812,1,19-04-21 09:33,R_1onEndX4u00zb8H,NA,NA,NA,NA,anonymous,EN,9,9,9,9,9,7,9,9,9,8,9,8,8,9,7,7,8,9,9,9,8,7,9,8,7,9,8,9,8,9,9,9,9,9,9,7,9,9,9,8,9,8,8,9,7,7,8,9,9,9,8,8,9,8,7,9,8,9,8,9,2,2,2,1,1,1,1,1,1,1,1,,3,4,6,25,1,,3,
19-04-21 11:58,19-04-21 12:09,0,100,673,1,19-04-21 12:09,R_3JFeDwtLLaYlwWA,NA,NA,NA,NA,anonymous,EN,7,7,6,4,5,5,5,5,5,1,4,2,2,1,2,7,2,2,5,5,7,7,6,6,2,2,2,7,7,7,7,7,6,3,5,5,6,5,6,1,3,2,2,1,2,6,3,1,3,6,7,6,7,6,3,2,2,6,6,7,2,2,2,2,2,2,1,1,1,1,1,,3,8,6,18,0,,2,
19-04-21 13:11,19-04-21 13:17,0,100,369,1,19-04-21 13:17,R_vprYwzaAzkWQFHz,NA,NA,NA,NA,anonymous,EN,9,9,8,8,6,6,5,7,6,3,4,6,2,3,2,4,4,2,4,5,6,3,7,4,3,4,4,7,7,7,9,9,8,8,6,6,5,7,6,3,4,6,3,2,2,4,3,2,5,6,4,4,7,3,3,4,4,7,7,7,2,2,2,2,2,2,2,2,2,2,1,,2,4,6,16,0,,4,-
19-04-21 14:30,19-04-21 14:33,0,100,172,1,19-04-21 14:33,R_ZJ2eL9yhsbQsUgN,NA,NA,NA,NA,anonymous,EN,9,7,9,6,9,9,3,6,7,5,5,9,9,2,1,7,6,2,4,9,9,8,7,6,4,1,4,9,8,9,9,7,9,7,9,9,6,6,7,6,6,9,9,2,1,8,4,1,4,9,9,8,9,4,4,4,5,9,9,9,2,2,2,2,2,2,2,2,2,2,1,,1,2,4,21,0,,4,
19-04-21 15:58,19-04-21 16:05,0,100,403,1,19-04-21 16:05,R_3fYSzllRA5Vpytd,NA,NA,NA,NA,anonymous,EN,9,9,9,5,6,6,4,5,6,1,3,1,1,1,2,2,3,1,3,6,9,6,9,6,2,1,3,9,8,9,9,9,9,3,6,3,3,5,5,1,2,1,2,1,1,3,2,2,3,6,9,6,9,6,2,1,3,9,6,9,2,2,2,2,2,2,2,2,2,2,1,,1,3,8,18,0,,3,
19-04-21 17:22,19-04-21 17:26,0,100,262,1,19-04-21 17:26,R_xGGWKXMwf88mnzb,NA,NA,NA,NA,anonymous,EN,8,9,5,8,5,5,5,5,5,5,5,8,6,5,1,7,5,6,5,5,7,6,5,5,6,1,6,5,7,7,8,9,5,7,5,5,5,5,5,5,5,8,5,5,1,7,5,5,5,5,7,6,7,5,5,1,6,5,7,7,2,2,2,2,2,2,2,2,2,2,1,,1,3,4,20,0,,4,
19-04-21 18:06,19-04-21 18:13,0,100,429,1,19-04-21 18:13,R_3QJp5utZP3JNRyA,NA,NA,NA,NA,anonymous,EN,9,6,5,5,8,2,1,6,2,2,1,6,5,1,1,7,3,1,3,6,9,8,8,4,1,4,3,9,9,9,9,8,7,6,8,3,2,5,4,3,2,7,5,1,1,8,4,1,3,6,9,9,7,5,2,3,4,9,9,9,2,2,2,2,2,1,1,1,1,1,1,,1,3,6,21,1,,4,
19-04-21 21:29,19-04-21 21:36,0,100,404,1,19-04-21 21:36,R_1ocpVRNbjDrXJgB,NA,NA,NA,NA,anonymous,EN,5,7,3,2,5,5,5,3,3,2,5,5,1,1,1,3,6,2,4,5,3,3,5,6,3,1,3,3,3,5,5,7,3,3,5,5,5,4,4,2,4,5,1,1,2,3,6,2,4,5,3,3,5,5,2,2,3,3,3,4,2,2,2,2,2,2,2,2,2,2,1,,1,1,5,19,0,,4,No
20-04-21 01:39,20-04-21 01:45,0,100,318,1,20-04-21 01:45,R_3CJjEDdJRecTcM8,NA,NA,NA,NA,anonymous,EN,9,8,9,9,8,8,6,8,9,4,7,2,1,2,3,7,4,1,6,7,9,7,9,3,1,3,1,9,9,9,9,8,8,8,8,7,6,9,9,6,7,2,1,2,2,7,1,1,6,7,9,9,6,1,1,2,1,9,9,9,2,2,2,2,2,2,2,2,2,2,1,,1,4,3,24,0,,4,
20-04-21 01:49,20-04-21 01:53,0,100,242,1,20-04-21 01:53,R_50x0LEvvCqfZKVz,NA,NA,NA,NA,anonymous,EN,9,8,9,9,9,7,6,8,9,5,8,2,1,2,1,7,3,1,6,7,9,8,7,1,1,2,1,9,9,9,9,9,8,9,9,7,6,8,9,5,8,2,1,2,1,7,3,1,6,7,9,8,7,1,1,2,1,9,9,9,2,2,2,2,2,2,2,2,2,2,1,,1,4,3,24,0,,4,
13-04-21 10:12,13-04-21 10:12,0,7,11,0,20-04-21 10:12,R_TozvEFrj7EeObE5,NA,NA,NA,NA,anonymous,EN,NA,NA,NA,NA,NA,NA,NA,NA,NA,NA,NA,NA,NA,NA,NA,NA,NA,NA,NA,NA,NA,NA,NA,NA,NA,NA,NA,NA,NA,NA,NA,NA,NA,NA,NA,NA,NA,NA,NA,NA,NA,NA,NA,NA,NA,NA,NA,NA,NA,NA,NA,NA,NA,NA,NA,NA,NA,NA,NA,NA,NA,NA,NA,NA,NA,NA,NA,NA,NA,NA,NA,,NA,NA,NA,NA,NA,,NA,
20-04-21 11:00,20-04-21 11:05,0,100,300,1,20-04-21 11:05,R_2dSlsgkbbYpTBg6,NA,NA,NA,NA,anonymous,EN,9,8,9,8,9,7,7,8,8,1,4,5,2,2,1,6,6,1,6,8,9,9,7,7,2,2,3,9,9,9,9,8,9,8,9,6,6,7,8,1,4,4,4,1,1,6,6,1,5,6,9,8,7,5,2,2,3,9,9,8,2,2,2,2,2,2,2,2,1,1,1,,1,5,6,19,0,,4,
20-04-21 11:16,20-04-21 11:23,0,100,436,1,20-04-21 11:23,R_1GDiymxrcOqX8aa,NA,NA,NA,NA,anonymous,EN,5,6,6,5,6,7,4,5,7,6,8,9,6,8,4,9,6,6,5,8,9,8,9,4,6,7,5,8,9,9,5,5,5,5,5,6,4,5,7,8,9,9,6,8,4,9,7,6,5,9,9,9,9,6,7,7,7,8,9,8,2,2,2,2,2,2,2,2,2,2,3,,1,1,1,20,1,,4,Is there the possibility to get notified if/when you publish the results of your study? I am interested. Maybe you can e-mail me: nsvenson00@googlemail.com
20-04-21 13:37,20-04-21 13:41,0,100,242,1,20-04-21 13:41,R_10ubwa3nUiWQWs9,NA,NA,NA,NA,anonymous,EN,9,9,9,9,9,9,9,9,9,8,8,8,3,5,6,9,9,5,8,9,9,9,8,8,8,8,8,9,9,9,9,9,9,9,9,9,9,9,9,8,8,8,2,5,6,9,8,5,8,9,9,9,9,8,9,8,8,9,9,9,2,2,2,2,2,2,2,2,2,2,3,,1,1,1,19,1,,4,
20-04-21 16:47,20-04-21 16:50,0,100,176,1,20-04-21 16:50,R_0fkrXlmbE2pf8VH,NA,NA,NA,NA,anonymous,EN,9,9,9,9,9,9,9,9,9,6,9,9,7,5,6,9,9,4,9,9,9,9,9,9,9,7,9,9,9,9,9,9,9,9,9,9,9,9,9,7,9,9,7,6,5,9,9,5,9,9,9,9,9,9,9,7,9,9,9,9,2,2,2,2,2,2,2,2,2,2,4,,1,1,1,20,1,,4,
20-04-21 17:13,20-04-21 17:18,0,100,318,1,20-04-21 17:18,R_2CTFcl296wFDZUd,NA,NA,NA,NA,anonymous,EN,8,9,7,7,7,6,6,6,6,3,4,7,2,4,5,8,4,3,6,6,6,3,8,4,7,2,5,6,7,6,8,9,6,7,7,7,6,6,6,3,5,7,1,3,3,7,6,2,4,6,6,3,7,3,6,2,6,7,7,7,2,2,2,2,2,2,2,1,1,1,1,,3,5,7,NA,0,,3,no
20-04-21 20:52,20-04-21 20:56,0,100,215,1,20-04-21 20:56,R_2AWicBcYQp6kLh3,NA,NA,NA,NA,anonymous,EN,8,7,6,1,1,1,1,1,1,2,1,1,1,1,1,6,1,1,1,1,8,6,1,1,1,1,1,6,2,9,8,4,6,1,1,1,1,1,1,2,1,1,1,1,1,4,1,1,1,1,8,6,1,2,1,1,1,4,1,8,1,1,1,1,1,1,1,1,1,1,1,,1,7,7,21,0,,4,
21-04-21 13:23,21-04-21 13:44,0,100,1287,1,21-04-21 13:44,R_3Ja8a1KFoipEjQq,NA,NA,NA,NA,anonymous,EN,9,9,9,9,9,8,6,9,9,3,6,3,1,2,3,3,4,3,7,7,7,5,6,1,2,2,3,8,8,9,9,9,9,9,9,8,7,9,9,3,6,5,2,2,3,2,6,2,8,7,8,4,7,1,2,1,3,8,8,9,2,2,2,2,2,2,2,2,2,1,3,,1,1,1,18,0,,2,
22-04-21 10:21,22-04-21 10:25,0,100,214,1,22-04-21 10:25,R_3n9vgsnJ8qyWY9q,NA,NA,NA,NA,anonymous,EN,6,6,4,4,7,7,2,5,8,9,8,9,7,8,2,9,6,8,2,7,9,9,8,8,5,8,5,8,9,9,6,6,4,4,5,6,2,5,8,9,8,9,5,8,2,9,5,6,2,8,9,9,8,8,5,8,4,8,9,9,2,2,2,2,2,2,2,2,2,2,3,,1,1,1,20,1,,4,
22-04-21 13:37,22-04-21 13:44,0,100,462,1,22-04-21 13:44,R_33gaRCRP3fgTl3y,NA,NA,NA,NA,anonymous,EN,7,2,3,2,3,3,2,3,3,2,3,4,1,1,1,3,3,1,2,3,4,3,3,2,2,1,2,3,5,3,7,2,3,2,3,3,3,3,3,2,3,4,1,1,1,3,2,1,1,3,4,3,3,2,1,1,2,3,4,3,2,2,2,1,1,1,1,1,1,1,1,,3,3,7,26,1,,4,
22-04-21 14:30,22-04-21 14:41,0,100,676,1,22-04-21 14:41,R_qQTQfTCitnl7fUJ,NA,NA,NA,NA,anonymous,EN,9,9,9,8,7,7,6,6,7,4,4,9,5,9,3,6,6,8,4,8,9,7,9,8,5,4,5,6,6,9,9,9,9,9,7,7,7,6,6,3,3,9,3,9,2,6,5,9,3,8,9,6,9,7,3,6,3,7,7,9,2,2,2,1,1,1,1,1,1,1,1,,1,5,6,21,0,,3,no
22-04-21 16:14,22-04-21 16:19,0,100,282,1,22-04-21 16:19,R_1kHzuFkpyWn7iXB,NA,NA,NA,NA,anonymous,EN,8,6,9,7,6,7,6,6,6,2,3,9,6,2,2,3,2,3,3,8,8,8,8,4,3,3,2,8,9,8,8,7,8,7,6,6,6,7,6,3,3,9,6,3,2,2,3,2,4,8,8,7,7,4,2,3,4,8,8,8,2,2,2,2,2,2,2,2,2,2,1,,2,4,7,18,0,,4,
23-04-21 14:32,23-04-21 14:40,0,100,438,1,23-04-21 14:40,R_2BsAm1CwwoOAFgP,NA,NA,NA,NA,anonymous,EN,9,9,8,8,8,8,7,8,8,5,7,9,4,4,4,9,7,5,8,8,9,9,8,8,8,5,6,7,9,9,9,9,8,8,8,9,7,7,7,5,7,9,4,3,4,9,7,5,7,8,9,9,8,9,7,5,6,7,9,9,2,2,2,2,2,1,1,1,1,1,2,,2,2,6,20,0,,3,
17-04-21 12:11,17-04-21 12:11,0,7,6,0,24-04-21 12:11,R_2YyvpqwQ3Graeo1,NA,NA,NA,NA,anonymous,EN,NA,NA,NA,NA,NA,NA,NA,NA,NA,NA,NA,NA,NA,NA,NA,NA,NA,NA,NA,NA,NA,NA,NA,NA,NA,NA,NA,NA,NA,NA,NA,NA,NA,NA,NA,NA,NA,NA,NA,NA,NA,NA,NA,NA,NA,NA,NA,NA,NA,NA,NA,NA,NA,NA,NA,NA,NA,NA,NA,NA,NA,NA,NA,NA,NA,NA,NA,NA,NA,NA,NA,,NA,NA,NA,NA,NA,,NA,
17-04-21 13:33,17-04-21 13:33,0,7,15,0,24-04-21 13:33,R_2upTLYllsgJoA8P,NA,NA,NA,NA,anonymous,EN,NA,NA,NA,NA,NA,NA,NA,NA,NA,NA,NA,NA,NA,NA,NA,NA,NA,NA,NA,NA,NA,NA,NA,NA,NA,NA,NA,NA,NA,NA,NA,NA,NA,NA,NA,NA,NA,NA,NA,NA,NA,NA,NA,NA,NA,NA,NA,NA,NA,NA,NA,NA,NA,NA,NA,NA,NA,NA,NA,NA,NA,NA,NA,NA,NA,NA,NA,NA,NA,NA,NA,,NA,NA,NA,NA,NA,,NA,
24-04-21 16:59,24-04-21 17:05,0,100,352,1,24-04-21 17:05,R_3I0qcc19oS22NAJ,NA,NA,NA,NA,anonymous,EN,9,8,9,9,9,9,7,8,9,6,8,7,7,4,5,9,7,7,7,9,9,8,8,7,5,3,7,9,9,9,9,8,9,9,9,9,7,9,9,7,8,9,7,6,7,9,8,7,7,9,9,8,8,8,5,4,8,9,9,9,2,2,2,2,2,2,2,2,2,2,1,,2,5,4,19,0,,4,
24-04-21 20:04,24-04-21 20:10,0,100,356,1,24-04-21 20:10,R_2WD27wPFTaK6lb5,NA,NA,NA,NA,anonymous,EN,1,1,1,1,1,5,5,1,1,6,6,1,1,1,1,7,1,1,1,1,9,7,5,1,1,1,1,6,7,9,1,1,1,1,1,5,5,1,1,6,6,1,1,1,1,7,1,1,1,1,9,7,5,1,1,1,1,8,7,8,2,2,2,2,2,2,2,2,2,2,1,,5,7,7,18,1,,4,
25-04-21 10:40,25-04-21 10:45,0,100,272,1,25-04-21 10:45,R_2B8RTDQ2eZmNH3p,NA,NA,NA,NA,anonymous,EN,9,9,9,9,9,9,8,9,9,8,8,3,3,2,2,8,7,2,9,9,8,7,9,6,7,2,6,9,9,9,9,9,9,9,9,9,8,9,9,7,8,3,3,2,2,8,7,2,9,9,9,9,9,6,6,3,6,9,9,9,2,2,2,2,2,2,2,2,2,2,1,,4,3,6,18,0,,3,
25-04-21 12:34,25-04-21 12:40,0,100,342,1,25-04-21 12:40,R_1CywPhzjw2qJWFP,NA,NA,NA,NA,anonymous,EN,9,7,7,6,8,4,6,6,7,2,3,5,4,3,1,6,2,1,6,5,8,4,8,2,2,2,2,8,7,8,9,6,7,5,8,4,6,7,8,2,3,3,3,3,2,5,3,2,6,6,7,5,8,2,2,3,2,8,7,7,1,1,1,1,2,1,1,1,1,1,1,,1,1,7,23,1,,5,
25-04-21 18:08,25-04-21 18:16,0,100,487,1,25-04-21 18:16,R_1jO1ULVPeujH76A,NA,NA,NA,NA,anonymous,EN,9,9,9,9,9,5,5,9,9,5,5,8,4,7,2,9,7,4,3,7,9,9,9,5,2,8,2,9,9,9,9,9,9,9,9,6,5,9,9,5,5,8,5,8,2,9,5,3,3,7,9,9,9,4,2,7,2,9,9,9,2,2,2,2,2,2,1,1,1,1,1,,1,2,3,19,0,,4,
25-04-21 18:23,25-04-21 18:28,0,100,321,1,25-04-21 18:28,R_1GJRRkSdQ4DvQP0,NA,NA,NA,NA,anonymous,EN,9,9,9,9,9,9,7,9,9,7,7,8,5,8,2,9,8,2,2,8,9,9,9,4,2,7,2,9,9,9,9,9,9,9,9,7,7,9,9,7,6,8,6,8,2,9,7,2,2,7,9,9,9,5,2,7,2,9,9,9,2,2,2,2,2,2,2,1,1,1,1,,1,2,3,19,0,,4,
26-04-21 08:24,26-04-21 08:28,0,100,287,1,26-04-21 08:28,R_2EbBl9tgHHcGuzH,NA,NA,NA,NA,anonymous,EN,8,7,7,7,7,7,6,7,7,6,6,8,6,6,7,7,6,6,7,6,7,5,7,7,6,7,7,7,8,7,8,7,7,7,7,6,6,7,7,6,6,8,6,6,6,7,6,6,7,7,7,5,7,7,7,7,6,7,8,7,2,2,2,2,2,1,1,1,1,1,1,,7,7,7,19,1,,3,
19-04-21 09:01,19-04-21 09:01,0,7,8,0,26-04-21 09:01,R_1CIoumB4hUPKnEL,NA,NA,NA,NA,anonymous,EN,NA,NA,NA,NA,NA,NA,NA,NA,NA,NA,NA,NA,NA,NA,NA,NA,NA,NA,NA,NA,NA,NA,NA,NA,NA,NA,NA,NA,NA,NA,NA,NA,NA,NA,NA,NA,NA,NA,NA,NA,NA,NA,NA,NA,NA,NA,NA,NA,NA,NA,NA,NA,NA,NA,NA,NA,NA,NA,NA,NA,NA,NA,NA,NA,NA,NA,NA,NA,NA,NA,NA,,NA,NA,NA,NA,NA,,NA,
26-04-21 10:00,26-04-21 10:05,0,100,268,1,26-04-21 10:05,R_R2nCrao2WyWqnVT,NA,NA,NA,NA,anonymous,EN,9,9,9,7,9,5,6,9,9,6,7,6,1,3,1,9,9,5,9,9,9,9,9,9,5,2,5,9,9,9,9,9,9,8,9,7,7,9,8,7,7,6,1,1,1,9,9,5,9,9,9,9,9,9,5,2,7,9,9,9,2,2,2,2,2,2,2,2,1,1,1,,1,4,5,19,0,,4,
26-04-21 10:56,26-04-21 11:01,0,100,273,1,26-04-21 11:01,R_2QzykJLNNr9CPUY,NA,NA,NA,NA,anonymous,EN,8,8,7,7,7,5,6,7,7,3,4,5,4,2,3,5,4,3,5,7,6,8,7,4,6,3,6,8,8,6,8,8,7,8,7,6,5,7,7,3,4,5,4,2,3,5,4,3,5,7,6,6,6,4,6,3,5,8,8,7,2,2,2,2,2,2,2,2,2,2,1,,1,2,4,NA,0,,3,
24-04-21 16:20,26-04-21 18:00,0,100,178837,1,26-04-21 18:00,R_3KH3c0LuP9aiagI,NA,NA,NA,NA,anonymous,EN,8,7,5,6,7,6,6,6,7,1,3,2,2,1,1,2,3,1,5,5,3,2,5,1,4,1,5,6,7,6,8,7,5,5,6,6,6,6,7,1,3,1,2,1,1,2,2,1,5,5,3,2,4,2,5,1,4,6,7,6,2,2,2,2,2,2,2,2,2,2,3,,1,1,1,18,0,,4,
26-04-21 23:08,26-04-21 23:14,0,100,341,1,26-04-21 23:14,R_SPqLFWzWuL1KwQp,NA,NA,NA,NA,anonymous,EN,9,6,7,5,6,7,4,6,6,3,4,2,2,5,2,4,5,2,4,7,7,7,6,4,2,2,3,8,8,6,9,6,6,5,6,5,5,4,4,3,5,2,2,5,2,4,5,2,4,7,7,7,7,5,2,2,3,7,8,6,2,2,2,1,1,1,1,1,1,1,1,,5,6,8,23,0,,3,
26-04-21 23:21,26-04-21 23:24,0,100,168,1,26-04-21 23:24,R_1eY6bwuXMySGqYN,NA,NA,NA,NA,anonymous,EN,9,5,7,4,6,4,4,4,6,2,5,2,2,4,2,4,4,2,4,8,6,8,7,4,2,3,2,7,8,7,9,5,7,5,6,5,3,4,6,2,5,2,2,4,2,4,4,2,4,8,7,7,7,4,2,2,2,7,8,8,2,2,2,1,1,1,1,1,1,1,1,,5,6,8,23,0,,3,
26-04-21 23:49,26-04-21 23:54,0,100,296,1,26-04-21 23:54,R_23WTIzRjZEpFVGU,NA,NA,NA,NA,anonymous,EN,8,9,8,8,7,7,7,4,7,4,6,7,3,3,2,5,6,3,4,6,8,6,5,1,2,4,6,6,8,8,8,9,8,8,7,7,7,5,7,3,7,7,3,3,2,6,6,2,3,5,8,5,5,2,2,3,5,7,8,8,2,2,2,2,2,1,1,1,1,1,1,,6,5,7,18,1,,4,
20-04-21 20:59,20-04-21 20:59,0,7,22,0,27-04-21 20:59,R_3LaPA1IvKm2KrlA,NA,NA,NA,NA,anonymous,EN,NA,NA,NA,NA,NA,NA,NA,NA,NA,NA,NA,NA,NA,NA,NA,NA,NA,NA,NA,NA,NA,NA,NA,NA,NA,NA,NA,NA,NA,NA,NA,NA,NA,NA,NA,NA,NA,NA,NA,NA,NA,NA,NA,NA,NA,NA,NA,NA,NA,NA,NA,NA,NA,NA,NA,NA,NA,NA,NA,NA,NA,NA,NA,NA,NA,NA,NA,NA,NA,NA,NA,,NA,NA,NA,NA,NA,,NA,
26-04-21 10:04,26-04-21 10:04,0,7,16,0,28-04-21 11:15,R_3oMWSWla7YOdn1x,NA,NA,NA,NA,anonymous,EN,NA,NA,NA,NA,NA,NA,NA,NA,NA,NA,NA,NA,NA,NA,NA,NA,NA,NA,NA,NA,NA,NA,NA,NA,NA,NA,NA,NA,NA,NA,NA,NA,NA,NA,NA,NA,NA,NA,NA,NA,NA,NA,NA,NA,NA,NA,NA,NA,NA,NA,NA,NA,NA,NA,NA,NA,NA,NA,NA,NA,NA,NA,NA,NA,NA,NA,NA,NA,NA,NA,NA,,NA,NA,NA,NA,NA,,NA,
22-04-21 13:46,22-04-21 13:47,0,7,84,0,28-04-21 11:15,R_1DHXLch2S2oij0i,NA,NA,NA,NA,anonymous,EN,NA,NA,NA,NA,NA,NA,NA,NA,NA,NA,NA,NA,NA,NA,NA,NA,NA,NA,NA,NA,NA,NA,NA,NA,NA,NA,NA,NA,NA,NA,NA,NA,NA,NA,NA,NA,NA,NA,NA,NA,NA,NA,NA,NA,NA,NA,NA,NA,NA,NA,NA,NA,NA,NA,NA,NA,NA,NA,NA,NA,NA,NA,NA,NA,NA,NA,NA,NA,NA,NA,NA,,NA,NA,NA,NA,NA,,NA,
26-04-21 12:41,26-04-21 12:41,0,7,8,0,28-04-21 11:15,R_1C8G43OyT6GHU5I,NA,NA,NA,NA,anonymous,EN,NA,NA,NA,NA,NA,NA,NA,NA,NA,NA,NA,NA,NA,NA,NA,NA,NA,NA,NA,NA,NA,NA,NA,NA,NA,NA,NA,NA,NA,NA,NA,NA,NA,NA,NA,NA,NA,NA,NA,NA,NA,NA,NA,NA,NA,NA,NA,NA,NA,NA,NA,NA,NA,NA,NA,NA,NA,NA,NA,NA,NA,NA,NA,NA,NA,NA,NA,NA,NA,NA,NA,,NA,NA,NA,NA,NA,,NA,
25-04-21 18:01,25-04-21 18:01,0,7,12,0,28-04-21 11:15,R_3JfrGKw7v6pBwTi,NA,NA,NA,NA,anonymous,EN,NA,NA,NA,NA,NA,NA,NA,NA,NA,NA,NA,NA,NA,NA,NA,NA,NA,NA,NA,NA,NA,NA,NA,NA,NA,NA,NA,NA,NA,NA,NA,NA,NA,NA,NA,NA,NA,NA,NA,NA,NA,NA,NA,NA,NA,NA,NA,NA,NA,NA,NA,NA,NA,NA,NA,NA,NA,NA,NA,NA,NA,NA,NA,NA,NA,NA,NA,NA,NA,NA,NA,,NA,NA,NA,NA,NA,,NA,
20-04-21 12:34,21-04-21 12:12,0,7,85097,0,28-04-21 11:15,R_UDr7kOEHFSvOiEp,NA,NA,NA,NA,anonymous,EN,NA,NA,NA,NA,NA,NA,NA,NA,NA,NA,NA,NA,NA,NA,NA,NA,NA,NA,NA,NA,NA,NA,NA,NA,NA,NA,NA,NA,NA,NA,NA,NA,NA,NA,NA,NA,NA,NA,NA,NA,NA,NA,NA,NA,NA,NA,NA,NA,NA,NA,NA,NA,NA,NA,NA,NA,NA,NA,NA,NA,NA,NA,NA,NA,NA,NA,NA,NA,NA,NA,NA,,NA,NA,NA,NA,NA,,NA,
22-04-21 14:50,26-04-21 15:47,0,7,348973,0,28-04-21 11:15,R_3fvEnOSzrEkHk19,NA,NA,NA,NA,anonymous,EN,NA,NA,NA,NA,NA,NA,NA,NA,NA,NA,NA,NA,NA,NA,NA,NA,NA,NA,NA,NA,NA,NA,NA,NA,NA,NA,NA,NA,NA,NA,NA,NA,NA,NA,NA,NA,NA,NA,NA,NA,NA,NA,NA,NA,NA,NA,NA,NA,NA,NA,NA,NA,NA,NA,NA,NA,NA,NA,NA,NA,NA,NA,NA,NA,NA,NA,NA,NA,NA,NA,NA,,NA,NA,NA,NA,NA,,NA,
23-04-21 18:36,23-04-21 18:36,0,7,13,0,28-04-21 11:15,R_aVLb5TIdHTgUnip,NA,NA,NA,NA,anonymous,EN,NA,NA,NA,NA,NA,NA,NA,NA,NA,NA,NA,NA,NA,NA,NA,NA,NA,NA,NA,NA,NA,NA,NA,NA,NA,NA,NA,NA,NA,NA,NA,NA,NA,NA,NA,NA,NA,NA,NA,NA,NA,NA,NA,NA,NA,NA,NA,NA,NA,NA,NA,NA,NA,NA,NA,NA,NA,NA,NA,NA,NA,NA,NA,NA,NA,NA,NA,NA,NA,NA,NA,,NA,NA,NA,NA,NA,,NA,
23-04-21 13:57,23-04-21 18:35,8,7,16699,0,28-04-21 11:15,R_1ewxexYVlnQlx5y,NA,NA,NA,NA,anonymous,EN,NA,NA,NA,NA,NA,NA,NA,NA,NA,NA,NA,NA,NA,NA,NA,NA,NA,NA,NA,NA,NA,NA,NA,NA,NA,NA,NA,NA,NA,NA,NA,NA,NA,NA,NA,NA,NA,NA,NA,NA,NA,NA,NA,NA,NA,NA,NA,NA,NA,NA,NA,NA,NA,NA,NA,NA,NA,NA,NA,NA,NA,NA,NA,NA,NA,NA,NA,NA,NA,NA,NA,,NA,NA,NA,NA,NA,,NA,
25-04-21 12:54,25-04-21 12:54,0,7,5,0,28-04-21 11:15,R_1qb8VtfF5MKVeyc,NA,NA,NA,NA,anonymous,EN,NA,NA,NA,NA,NA,NA,NA,NA,NA,NA,NA,NA,NA,NA,NA,NA,NA,NA,NA,NA,NA,NA,NA,NA,NA,NA,NA,NA,NA,NA,NA,NA,NA,NA,NA,NA,NA,NA,NA,NA,NA,NA,NA,NA,NA,NA,NA,NA,NA,NA,NA,NA,NA,NA,NA,NA,NA,NA,NA,NA,NA,NA,NA,NA,NA,NA,NA,NA,NA,NA,NA,,NA,NA,NA,NA,NA,,NA,
25-04-21 18:57,25-04-21 18:58,0,7,3,0,28-04-21 11:15,R_3qaI1PgexWiQneF,NA,NA,NA,NA,anonymous,EN,NA,NA,NA,NA,NA,NA,NA,NA,NA,NA,NA,NA,NA,NA,NA,NA,NA,NA,NA,NA,NA,NA,NA,NA,NA,NA,NA,NA,NA,NA,NA,NA,NA,NA,NA,NA,NA,NA,NA,NA,NA,NA,NA,NA,NA,NA,NA,NA,NA,NA,NA,NA,NA,NA,NA,NA,NA,NA,NA,NA,NA,NA,NA,NA,NA,NA,NA,NA,NA,NA,NA,,NA,NA,NA,NA,NA,,NA,
26-04-21 14:06,26-04-21 14:07,0,7,4,0,28-04-21 11:15,R_3qF3r1fpNQlAxNz,NA,NA,NA,NA,anonymous,EN,NA,NA,NA,NA,NA,NA,NA,NA,NA,NA,NA,NA,NA,NA,NA,NA,NA,NA,NA,NA,NA,NA,NA,NA,NA,NA,NA,NA,NA,NA,NA,NA,NA,NA,NA,NA,NA,NA,NA,NA,NA,NA,NA,NA,NA,NA,NA,NA,NA,NA,NA,NA,NA,NA,NA,NA,NA,NA,NA,NA,NA,NA,NA,NA,NA,NA,NA,NA,NA,NA,NA,,NA,NA,NA,NA,NA,,NA,
26-04-21 23:20,26-04-21 23:20,0,7,2,0,28-04-21 11:15,R_0cdqaYYJh2I3Yul,NA,NA,NA,NA,anonymous,EN,NA,NA,NA,NA,NA,NA,NA,NA,NA,NA,NA,NA,NA,NA,NA,NA,NA,NA,NA,NA,NA,NA,NA,NA,NA,NA,NA,NA,NA,NA,NA,NA,NA,NA,NA,NA,NA,NA,NA,NA,NA,NA,NA,NA,NA,NA,NA,NA,NA,NA,NA,NA,NA,NA,NA,NA,NA,NA,NA,NA,NA,NA,NA,NA,NA,NA,NA,NA,NA,NA,NA,,NA,NA,NA,NA,NA,,NA,
26-04-21 19:04,26-04-21 19:04,0,7,15,0,28-04-21 11:15,R_3p0f1Shc7sfuPvt,NA,NA,NA,NA,anonymous,EN,NA,NA,NA,NA,NA,NA,NA,NA,NA,NA,NA,NA,NA,NA,NA,NA,NA,NA,NA,NA,NA,NA,NA,NA,NA,NA,NA,NA,NA,NA,NA,NA,NA,NA,NA,NA,NA,NA,NA,NA,NA,NA,NA,NA,NA,NA,NA,NA,NA,NA,NA,NA,NA,NA,NA,NA,NA,NA,NA,NA,NA,NA,NA,NA,NA,NA,NA,NA,NA,NA,NA,,NA,NA,NA,NA,NA,,NA,
26-04-21 11:06,26-04-21 11:06,0,7,8,0,28-04-21 11:15,R_3HvuKE8ZSy9yY6U,NA,NA,NA,NA,anonymous,EN,NA,NA,NA,NA,NA,NA,NA,NA,NA,NA,NA,NA,NA,NA,NA,NA,NA,NA,NA,NA,NA,NA,NA,NA,NA,NA,NA,NA,NA,NA,NA,NA,NA,NA,NA,NA,NA,NA,NA,NA,NA,NA,NA,NA,NA,NA,NA,NA,NA,NA,NA,NA,NA,NA,NA,NA,NA,NA,NA,NA,NA,NA,NA,NA,NA,NA,NA,NA,NA,NA,NA,,NA,NA,NA,NA,NA,,NA,
